"ID","Name_submitted","Overall_score","Name_matched_id","Name_matched","Name_score","Name_matched_rank","Author_submitted","Author_matched","Author_score","Canonical_author","Name_matched_accepted_family","Genus_submitted","Genus_matched","Genus_score","Specific_epithet_submitted","Specific_epithet_matched","Specific_epithet_score","Family_submitted","Family_matched","Family_score","Infraspecific_rank","Infraspecific_epithet_matched","Infraspecific_epithet_score","Infraspecific_rank_2","Infraspecific_epithet_2_matched","Infraspecific_epithet_2_score","Annotations","Unmatched_terms","Name_matched_url","Name_matched_lsid","Phonetic","Taxonomic_status","Accepted_name","Accepted_species","Accepted_name_author","Accepted_name_id","Accepted_name_rank","Accepted_name_url","Accepted_name_lsid","Accepted_family","Overall_score_order","Highertaxa_score_order","Source","Warnings","unique_id","Best_match_overall_score","Best_match_highertaxa"
"1","Betula lenta L.","1","329014","Betula lenta","1","species","L.","L.","1","L.","Betulaceae","Betula","Betula","1","lenta","lenta","1","","","","","","","","","","","","https://www.worldfloraonline.org/taxon/wfo-0000334091","","Y","Accepted","Betula lenta","Betula lenta","L.","329014","species","https://www.worldfloraonline.org/taxon/wfo-0000334091","","Betulaceae","1","1","wfo","","1",true,true
"1","Betula lenta L.","0.8","329003","Betula lenta","1","species","L.","Du Roi","0","Du Roi","Betulaceae","Betula","Betula","1","lenta","lenta","1","","","","","","","","","","","","https://www.worldfloraonline.org/taxon/wfo-0000334080","","Y","Synonym","Betula pubescens var. pubescens","Betula pubescens","","331132","variety","https://www.worldfloraonline.org/taxon/wfo-0000336212","","Betulaceae","2","2","wfo","","1",false,false
"2","Vaccinium angustifolium Aiton","1","417184","Vaccinium angustifolium","1","species","Aiton","Aiton","1","Aiton","Ericaceae","Vaccinium","Vaccinium","1","angustifolium","angustifolium","1","","","","","","","","","","","","https://www.worldfloraonline.org/taxon/wfo-0000422967","","Y","Accepted","Vaccinium angustifolium","Vaccinium angustifolium","Aiton","417184","species","https://www.worldfloraonline.org/taxon/wfo-0000422967","","Ericaceae","1","1","wfo","","2",true,true
"2","Vaccinium angustifolium Aiton","0.8","417185","Vaccinium angustifolium","1","species","Aiton","Benth.","0","Benth.","Ericaceae","Vaccinium","Vaccinium","1","angustifolium","angustifolium","1","","","","","","","","","","","","https://www.worldfloraonline.org/taxon/wfo-0000422968","","Y","Synonym","Vaccinium stenophyllum","Vaccinium stenophyllum","Steud.","416721","species","https://www.worldfloraonline.org/taxon/wfo-0000422502","","Ericaceae","2","2","wfo","","2",false,false
"3","Trientalis borealis Raf. ssp. borealis","0.96021221090168","1090934","Trientalis borealis fo.rm borealis","0.96021221090168","forma","","","","","Primulaceae","Trientalis","Trientalis","1","borealis","borealis","1","","","","fo.rm","borealis","0.7","","","","","","https://www.worldfloraonline.org/taxon/wfo-0001105451","","Y","Synonym","Lysimachia borealis","Lysimachia borealis","(Raf.) U.Manns & Anderb.","736286","species","https://www.worldfloraonline.org/taxon/wfo-0000744187","","Primulaceae","1","1","wfo","","3",true,true
"3","Trientalis borealis Raf. ssp. borealis","0.96021221090168","1090932","Trientalis borealis var. borealis","0.96021221090168","variety","","","","","Primulaceae","Trientalis","Trientalis","1","borealis","borealis","1","","","","var.","borealis","0.7","","","","","","https://www.worldfloraonline.org/taxon/wfo-0001105449","","Y","Synonym","Lysimachia borealis","Lysimachia borealis","(Raf.) U.Manns & Anderb.","736286","species","https://www.worldfloraonline.org/taxon/wfo-0000744187","","Primulaceae","2","2","wfo","","3",false,false
"4","Tsuga canadensis (L.) Carriere","0.97596","450324","Tsuga canadensis","1","species","(L.) Carriere","(L.) Carrière","0.8798","(L.) Carrière","Pinaceae","Tsuga","Tsuga","1","canadensis","canadensis","1","","","","","","","","","","","","https://www.worldfloraonline.org/taxon/wfo-0000456302","","Y","Accepted","Tsuga canadensis","Tsuga canadensis","(L.) Carrière","450324","species","https://www.worldfloraonline.org/taxon/wfo-0000456302","","Pinaceae","1","1","wfo","","4",true,true
"5","Aralia nudicaulis L.","1","253544","Aralia nudicaulis","1","species","L.","L.","1","L.","Araliaceae","Aralia","Aralia","1","nudicaulis","nudicaulis","1","","","","","","","","","","","","https://www.worldfloraonline.org/taxon/wfo-0000258460","","Y","Accepted","Aralia nudicaulis","Aralia nudicaulis","L.","253544","species","https://www.worldfloraonline.org/taxon/wfo-0000258460","","Araliaceae","1","1","wfo","","5",true,true
"5","Aralia nudicaulis L.","0.8","253535","Aralia nudicaulis","1","species","L.","Blume","0","Blume","Araliaceae","Aralia","Aralia","1","nudicaulis","nudicaulis","1","","","","","","","","","","","","https://www.worldfloraonline.org/taxon/wfo-0000258451","","Y","Synonym","Aralia cordata","Aralia cordata","Thunb.","251858","species","https://www.worldfloraonline.org/taxon/wfo-0000256758","","Araliaceae","2","2","wfo","","5",false,false
"6","Coptis trifolia (L.) Salisb.","0.90514","612855","Coptis trifolia","1","species","(L.) Salisb.","Salisb.","0.5257","Salisb.","Ranunculaceae","Coptis","Coptis","1","trifolia","trifolia","1","","","","","","","","","","","","https://www.worldfloraonline.org/taxon/wfo-0000619881","","Y","Accepted","Coptis trifolia","Coptis trifolia","Salisb.","612855","species","https://www.worldfloraonline.org/taxon/wfo-0000619881","","Ranunculaceae","1","1","wfo","","6",true,true
"7","Quercus rubra L.","1","288011","Quercus rubra","1","species","L.","L.","1","L.","Fagaceae","Quercus","Quercus","1","rubra","rubra","1","","","","","","","","","","","","https://www.worldfloraonline.org/taxon/wfo-0000293006","","Y","Accepted","Quercus rubra","Quercus rubra","L.","288011","species","https://www.worldfloraonline.org/taxon/wfo-0000293006","","Fagaceae","1","1","wfo","","7",true,true
"8","Medeola virginiana L.","1","687528","Medeola virginiana","1","species","L.","L.","1","L.","Liliaceae","Medeola","Medeola","1","virginiana","virginiana","1","","","","","","","","","","","","https://www.worldfloraonline.org/taxon/wfo-0000695055","","Y","Accepted","Medeola virginiana","Medeola virginiana","L.","687528","species","https://www.worldfloraonline.org/taxon/wfo-0000695055","","Liliaceae","1","1","wfo","","8",true,true
"9","Mitchella repens L.","1","239931","Mitchella repens","1","species","L.","L.","1","L.","Rubiaceae","Mitchella","Mitchella","1","repens","repens","1","","","","","","","","","","","","https://www.worldfloraonline.org/taxon/wfo-0000244794","","Y","Accepted","Mitchella repens","Mitchella repens","L.","239931","species","https://www.worldfloraonline.org/taxon/wfo-0000244794","","Rubiaceae","1","1","wfo","","9",true,true
"10","Trillium undulatum Willd.","1","741601","Trillium undulatum","1","species","Willd.","Willd.","1","Willd.","Melanthiaceae","Trillium","Trillium","1","undulatum","undulatum","1","","","","","","","","","","","","https://www.worldfloraonline.org/taxon/wfo-0000749535","","Y","Accepted","Trillium undulatum","Trillium undulatum","Willd.","741601","species","https://www.worldfloraonline.org/taxon/wfo-0000749535","","Melanthiaceae","1","1","wfo","","10",true,true
"11","Uvularia sessilifolia L.","1","743394","Uvularia sessilifolia","1","species","L.","L.","1","L.","Colchicaceae","Uvularia","Uvularia","1","sessilifolia","sessilifolia","1","","","","","","","","","","","","https://www.worldfloraonline.org/taxon/wfo-0000751338","","Y","Accepted","Uvularia sessilifolia","Uvularia sessilifolia","L.","743394","species","https://www.worldfloraonline.org/taxon/wfo-0000751338","","Colchicaceae","1","1","wfo","","11",true,true
"12","Acer rubrum L.","1","508558","Acer rubrum","1","species","L.","L.","1","L.","Sapindaceae","Acer","Acer","1","rubrum","rubrum","1","","","","","","","","","","","","https://www.worldfloraonline.org/taxon/wfo-0000514966","","Y","Accepted","Acer rubrum","Acer rubrum","L.","508558","species","https://www.worldfloraonline.org/taxon/wfo-0000514966","","Sapindaceae","1","1","wfo","","12",true,true
"13","Pinus resinosa Aiton","1","475678","Pinus resinosa","1","species","Aiton","Aiton","1","Aiton","Pinaceae","Pinus","Pinus","1","resinosa","resinosa","1","","","","","","","","","","","","https://www.worldfloraonline.org/taxon/wfo-0000481843","","Y","Accepted","Pinus resinosa","Pinus resinosa","Aiton","475678","species","https://www.worldfloraonline.org/taxon/wfo-0000481843","","Pinaceae","1","1","wfo","","13",true,true
"13","Pinus resinosa Aiton","0.82222","729050","Pinus resinosa","1","species","Aiton","Torr.","0.1111","Torr.","Pinaceae","Pinus","Pinus","1","resinosa","resinosa","1","","","","","","","","","","","","https://www.worldfloraonline.org/taxon/wfo-0000736807","","Y","Synonym","Pinus ponderosa","Pinus ponderosa","Douglas ex. C.Lawson","475738","species","https://www.worldfloraonline.org/taxon/wfo-0000481903","","Pinaceae","2","2","wfo","","13",false,false
"13","Pinus resinosa Aiton","0.8","475688","Pinus resinosa","1","species","Aiton","Roezl","0","Roezl","Pinaceae","Pinus","Pinus","1","resinosa","resinosa","1","","","","","","","","","","","","https://www.worldfloraonline.org/taxon/wfo-0000481853","","Y","Synonym","Pinus hartwegii","Pinus hartwegii","Lindl.","475210","species","https://www.worldfloraonline.org/taxon/wfo-0000481375","","Pinaceae","3","3","wfo","[Ambiguous]","13",false,false
"13","Pinus resinosa Aiton","0.8","475689","Pinus resinosa","1","species","Aiton","Savi","0","Savi","Pinaceae","Pinus","Pinus","1","resinosa","resinosa","1","","","","","","","","","","","","https://www.worldfloraonline.org/taxon/wfo-0000481854","","Y","Synonym","Pinus sylvestris","Pinus sylvestris","L.","475483","species","https://www.worldfloraonline.org/taxon/wfo-0000481648","","Pinaceae","4","4","wfo","[Ambiguous]","13",false,false
"14","Maianthemum canadense Desf.","1","683778","Maianthemum canadense","1","species","Desf.","Desf.","1","Desf.","Asparagaceae","Maianthemum","Maianthemum","1","canadense","canadense","1","","","","","","","","","","","","https://www.worldfloraonline.org/taxon/wfo-0000691281","","Y","Accepted","Maianthemum canadense","Maianthemum canadense","Desf.","683778","species","https://www.worldfloraonline.org/taxon/wfo-0000691281","","Asparagaceae","1","1","wfo","","14",true,true
"15","Dennstaedtia punctilobula (Michx.) T. Moore","1","1092749","Dennstaedtia punctilobula","1","species","(Michx.) T. Moore","(Michx.) T.Moore","1","(Michx.) T.Moore","Dennstaedtiaceae","Dennstaedtia","Dennstaedtia","1","punctilobula","punctilobula","1","","","","","","","","","","","","https://www.worldfloraonline.org/taxon/wfo-0001107280","","Y","Accepted","Dennstaedtia punctilobula","Dennstaedtia punctilobula","(Michx.) T.Moore","1092749","species","https://www.worldfloraonline.org/taxon/wfo-0001107280","","Dennstaedtiaceae","1","1","wfo","","15",true,true
"16","Ilex mucronata (L.) Powell  Savolainen & Andrews","0.94572","1267313","Ilex mucronata","1","species","(L.) Powell Savolainen & Andrews","(L.) M.Powell, Savol. & S.Andrews","0.7286","(L.) M.Powell, Savol. & S.Andrews","Aquifoliaceae","Ilex","Ilex","1","mucronata","mucronata","1","","","","","","","","","","","","https://www.worldfloraonline.org/taxon/wfo-0001284515","","Y","Accepted","Ilex mucronata","Ilex mucronata","(L.) M.Powell, Savol. & S.Andrews","1267313","species","https://www.worldfloraonline.org/taxon/wfo-0001284515","","Aquifoliaceae","1","1","wfo","","16",true,true
"17","Fagus grandifolia Ehrh.","1","957813","Fagus grandifolia","1","species","Ehrh.","Ehrh.","1","Ehrh.","Fagaceae","Fagus","Fagus","1","grandifolia","grandifolia","1","","","","","","","","","","","","https://www.worldfloraonline.org/taxon/wfo-0000966434","","Y","Accepted","Fagus grandifolia","Fagus grandifolia","Ehrh.","957813","species","https://www.worldfloraonline.org/taxon/wfo-0000966434","","Fagaceae","1","1","wfo","","17",true,true
"18","Clintonia borealis (Aiton) Raf.","1","755731","Clintonia borealis","1","species","(Aiton) Raf.","(Aiton) Raf.","1","(Aiton) Raf.","Liliaceae","Clintonia","Clintonia","1","borealis","borealis","1","","","","","","","","","","","","https://www.worldfloraonline.org/taxon/wfo-0000763732","","Y","Accepted","Clintonia borealis","Clintonia borealis","(Aiton) Raf.","755731","species","https://www.worldfloraonline.org/taxon/wfo-0000763732","","Liliaceae","1","1","wfo","","18",true,true
"19","Pinus strobus L.","1","475365","Pinus strobus","1","species","L.","L.","1","L.","Pinaceae","Pinus","Pinus","1","strobus","strobus","1","","","","","","","","","","","","https://www.worldfloraonline.org/taxon/wfo-0000481530","","Y","Accepted","Pinus strobus","Pinus strobus","L.","475365","species","https://www.worldfloraonline.org/taxon/wfo-0000481530","","Pinaceae","1","1","wfo","","19",true,true
"19","Pinus strobus L.","0.8","475366","Pinus strobus","1","species","L.","Thunb.","0","Thunb.","Pinaceae","Pinus","Pinus","1","strobus","strobus","1","","","","","","","","","","","","https://www.worldfloraonline.org/taxon/wfo-0000481531","","Y","Synonym","Pinus koraiensis","Pinus koraiensis","Siebold & Zucc.","474918","species","https://www.worldfloraonline.org/taxon/wfo-0000481082","","Pinaceae","2","2","wfo","","19",false,false
"20","Viburnum acerifolium L.","1","1273298","Viburnum acerifolium","1","species","L.","L.","1","L.","Viburnaceae","Viburnum","Viburnum","1","acerifolium","acerifolium","1","","","","","","","","","","","","https://www.worldfloraonline.org/taxon/wfo-0001290749","","Y","Accepted","Viburnum acerifolium","Viburnum acerifolium","L.","1273298","species","https://www.worldfloraonline.org/taxon/wfo-0001290749","","Viburnaceae","1","1","wfo","","20",true,true
"21","Gaultheria procumbens L.","1","687813","Gaultheria procumbens","1","species","L.","L.","1","L.","Ericaceae","Gaultheria","Gaultheria","1","procumbens","procumbens","1","","","","","","","","","","","","https://www.worldfloraonline.org/taxon/wfo-0000695341","","Y","Accepted","Gaultheria procumbens","Gaultheria procumbens","L.","687813","species","https://www.worldfloraonline.org/taxon/wfo-0000695341","","Ericaceae","1","1","wfo","","21",true,true
"22","Nyssa sylvatica Marshall","1","247731","Nyssa sylvatica","1","species","Marshall","Marshall","1","Marshall","Nyssaceae","Nyssa","Nyssa","1","sylvatica","sylvatica","1","","","","","","","","","","","","https://www.worldfloraonline.org/taxon/wfo-0000252606","","Y","Accepted","Nyssa sylvatica","Nyssa sylvatica","Marshall","247731","species","https://www.worldfloraonline.org/taxon/wfo-0000252606","","Nyssaceae","1","1","wfo","","22",true,true
"23","Amelanchier laevis Wiegand","1","999792","Amelanchier laevis","1","species","Wiegand","Wiegand","1","Wiegand","Rosaceae","Amelanchier","Amelanchier","1","laevis","laevis","1","","","","","","","","","","","","https://www.worldfloraonline.org/taxon/wfo-0001009248","","Y","Accepted","Amelanchier laevis","Amelanchier laevis","Wiegand","999792","species","https://www.worldfloraonline.org/taxon/wfo-0001009248","","Rosaceae","1","1","wfo","","23",true,true
"23","Amelanchier laevis Wiegand","0.80722","1005176","Amelanchier laevis","1","species","Wiegand","Clapham, Tutin & E.F.Warb.","0.0361","Clapham, Tutin & E.F.Warb.","Rosaceae","Amelanchier","Amelanchier","1","laevis","laevis","1","","","","","","","","","","","","https://www.worldfloraonline.org/taxon/wfo-0001014992","","Y","Synonym","Amelanchier lamarckii","Amelanchier lamarckii","F.G.Schroed.","1002204","species","https://www.worldfloraonline.org/taxon/wfo-0001011843","","Rosaceae","2","2","wfo","","23",false,false
"24","Vaccinium corymbosum L.","1","417170","Vaccinium corymbosum","1","species","L.","L.","1","L.","Ericaceae","Vaccinium","Vaccinium","1","corymbosum","corymbosum","1","","","","","","","","","","","","https://www.worldfloraonline.org/taxon/wfo-0000422953","","Y","Accepted","Vaccinium corymbosum","Vaccinium corymbosum","L.","417170","species","https://www.worldfloraonline.org/taxon/wfo-0000422953","","Ericaceae","1","1","wfo","","24",true,true
"25","Lycopodium obscurum L.","1","1092815","Lycopodium obscurum","1","species","L.","L.","1","L.","Lycopodiaceae","Lycopodium","Lycopodium","1","obscurum","obscurum","1","","","","","","","","","","","","https://www.worldfloraonline.org/taxon/wfo-0001107346","","Y","Accepted","Lycopodium obscurum","Lycopodium obscurum","L.","1092815","species","https://www.worldfloraonline.org/taxon/wfo-0001107346","","Lycopodiaceae","1","1","wfo","","25",true,true
"26","Kalmia latifolia L.","1","350998","Kalmia latifolia","1","species","L.","L.","1","L.","Ericaceae","Kalmia","Kalmia","1","latifolia","latifolia","1","","","","","","","","","","","","https://www.worldfloraonline.org/taxon/wfo-0000356132","","Y","Accepted","Kalmia latifolia","Kalmia latifolia","L.","350998","species","https://www.worldfloraonline.org/taxon/wfo-0000356132","","Ericaceae","1","1","wfo","","26",true,true
"27","Viburnum nudum L. var. cassinoides (L.) Torr. & A. Gray","1","1345511","Viburnum nudum var. cassinoides","1","variety","(L.) Torr. & A. Gray","(L.) Torr. & A.Gray","1","(L.) Torr. & A.Gray","Viburnaceae","Viburnum","Viburnum","1","nudum","nudum","1","","","","var.","cassinoides","1","","","","","","https://www.worldfloraonline.org/taxon/wfo-0001378976","","Y","Synonym","Viburnum cassinoides","Viburnum cassinoides","L.","1273301","species","https://www.worldfloraonline.org/taxon/wfo-0001290752","","Viburnaceae","1","1","wfo","","27",true,true
"28","Monotropa uniflora L.","1","371073","Monotropa uniflora","1","species","L.","L.","1","L.","Ericaceae","Monotropa","Monotropa","1","uniflora","uniflora","1","","","","","","","","","","","","https://www.worldfloraonline.org/taxon/wfo-0000376457","","Y","Accepted","Monotropa uniflora","Monotropa uniflora","L.","371073","species","https://www.worldfloraonline.org/taxon/wfo-0000376457","","Ericaceae","1","1","wfo","","28",true,true
"29","Dryopteris carthusiana (Vill.) H.P. Fuchs","1","1092767","Dryopteris carthusiana","1","species","(Vill.) H.P. Fuchs","(Vill.) H.P.Fuchs","1","(Vill.) H.P.Fuchs","Dryopteridaceae","Dryopteris","Dryopteris","1","carthusiana","carthusiana","1","","","","","","","","","","","","https://www.worldfloraonline.org/taxon/wfo-0001107298","","Y","Accepted","Dryopteris carthusiana","Dryopteris carthusiana","(Vill.) H.P.Fuchs","1092767","species","https://www.worldfloraonline.org/taxon/wfo-0001107298","","Dryopteridaceae","1","1","wfo","","29",true,true
"30","Hamamelis virginiana L.","1","1051842","Hamamelis virginiana","1","species","L.","L.","1","L.","Hamamelidaceae","Hamamelis","Hamamelis","1","virginiana","virginiana","1","","","","","","","","","","","","https://www.worldfloraonline.org/taxon/wfo-0001065240","","Y","Accepted","Hamamelis virginiana","Hamamelis virginiana","L.","1051842","species","https://www.worldfloraonline.org/taxon/wfo-0001065240","","Hamamelidaceae","1","1","wfo","","30",true,true
"31","Carex swanii (Fernald) Mack.","1","346676","Carex swanii","1","species","(Fernald) Mack.","(Fernald) Mack.","1","(Fernald) Mack.","Cyperaceae","Carex","Carex","1","swanii","swanii","1","","","","","","","","","","","","https://www.worldfloraonline.org/taxon/wfo-0000351791","","Y","Accepted","Carex swanii","Carex swanii","(Fernald) Mack.","346676","species","https://www.worldfloraonline.org/taxon/wfo-0000351791","","Cyperaceae","1","1","wfo","","31",true,true
"32","Corylus cornuta Marshall var. cornuta","1","1199239","Corylus cornuta var. cornuta","1","variety","","","","","Betulaceae","Corylus","Corylus","1","cornuta","cornuta","1","","","","var.","cornuta","1","","","","","","https://www.worldfloraonline.org/taxon/wfo-0001214751","","Y","Synonym","Corylus cornuta","Corylus cornuta","Marshall","916888","species","https://www.worldfloraonline.org/taxon/wfo-0000925296","","Betulaceae","1","1","wfo","","32",true,true
"33","Carex sp.","0.9","1396841","Carex","1","genus","","","","L.","Cyperaceae","Carex","Carex","1","","","","","","","","","","","","","","sp.","https://www.worldfloraonline.org/taxon/wfo-4000006709","","Y","Accepted","Carex","","L.","1396841","genus","https://www.worldfloraonline.org/taxon/wfo-4000006709","","Cyperaceae","1","1","wfo","","33",true,true
"34","Fraxinus americana L.","1","824011","Fraxinus americana","1","species","L.","L.","1","L.","Oleaceae","Fraxinus","Fraxinus","1","americana","americana","1","","","","","","","","","","","","https://www.worldfloraonline.org/taxon/wfo-0000832243","","Y","Accepted","Fraxinus americana","Fraxinus americana","L.","824011","species","https://www.worldfloraonline.org/taxon/wfo-0000832243","","Oleaceae","1","1","wfo","","34",true,true
"35","Rubus flagellaris Willd.","1","997430","Rubus flagellaris","1","species","Willd.","Willd.","1","Willd.","Rosaceae","Rubus","Rubus","1","flagellaris","flagellaris","1","","","","","","","","","","","","https://www.worldfloraonline.org/taxon/wfo-0001006809","","Y","Accepted","Rubus flagellaris","Rubus flagellaris","Willd.","997430","species","https://www.worldfloraonline.org/taxon/wfo-0001006809","","Rosaceae","1","1","wfo","","35",true,true
"35","Rubus flagellaris Willd.","0.8294","991870","Rubus flagellaris","1","species","Willd.","Hook.","0.147","Hook.","Rosaceae","Rubus","Rubus","1","flagellaris","flagellaris","1","","","","","","","","","","","","https://www.worldfloraonline.org/taxon/wfo-0001001038","","Y","No opinion","","","","","","","","","2","2","wfo","","35",false,false
"35","Rubus flagellaris Willd.","0.82268","983508","Rubus flagellaris","1","species","Willd.","Lefèvre & P.J.Müll.","0.1134","Lefèvre & P.J.Müll.","Rosaceae","Rubus","Rubus","1","flagellaris","flagellaris","1","","","","","","","","","","","","https://www.worldfloraonline.org/taxon/wfo-0000992537","","Y","No opinion","","","","","","","","","3","3","wfo","","35",false,false
"35","Rubus flagellaris Willd.","0.8","991071","Rubus flagellaris","1","species","Willd.","Schrank","0","Schrank","Rosaceae","Rubus","Rubus","1","flagellaris","flagellaris","1","","","","","","","","","","","","https://www.worldfloraonline.org/taxon/wfo-0001000225","","Y","No opinion","","","","","","","","","4","4","wfo","","35",false,false
"36","Quercus alba L.","1","284468","Quercus alba","1","species","L.","L.","1","L.","Fagaceae","Quercus","Quercus","1","alba","alba","1","","","","","","","","","","","","https://www.worldfloraonline.org/taxon/wfo-0000289457","","Y","Accepted","Quercus alba","Quercus alba","L.","284468","species","https://www.worldfloraonline.org/taxon/wfo-0000289457","","Fagaceae","1","1","wfo","","36",true,true
"37","Lycopodium clavatum L.","1","1092810","Lycopodium clavatum","1","species","L.","L.","1","L.","Lycopodiaceae","Lycopodium","Lycopodium","1","clavatum","clavatum","1","","","","","","","","","","","","https://www.worldfloraonline.org/taxon/wfo-0001107341","","Y","Accepted","Lycopodium clavatum","Lycopodium clavatum","L.","1092810","species","https://www.worldfloraonline.org/taxon/wfo-0001107341","","Lycopodiaceae","1","1","wfo","","37",true,true
"37","Lycopodium clavatum L.","0.8","1472515","Lycopodium clavatum","1","species","L.","Bory","0","Bory","Lycopodiaceae","Lycopodium","Lycopodium","1","clavatum","clavatum","1","","","","","","","","","","","","https://www.worldfloraonline.org/taxon/wfo-1200009872","","Y","No opinion","","","","","","","","","2","2","wfo","","37",false,false
"38","Osmunda cinnamomea L. var. cinnamomea","0.59957384396743","1094527","Osmunda cinnamomea","0.59957384396743","species","","","","L.","Osmundaceae","Osmunda","Osmunda","1","cinnamomea","cinnamomea","1","","","","","","","","","","","var. cinnamomea","https://www.worldfloraonline.org/taxon/wfo-0001109065","","Y","Synonym","Osmundastrum cinnamomeum","Osmundastrum cinnamomeum","(L.) C.Presl","1098738","species","https://www.worldfloraonline.org/taxon/wfo-0001113307","","Osmundaceae","1","1","wfo","[Partial]","38",true,true
"39","Rubus idaeus L.","1","991663","Rubus idaeus","1","species","L.","L.","1","L.","Rosaceae","Rubus","Rubus","1","idaeus","idaeus","1","","","","","","","","","","","","https://www.worldfloraonline.org/taxon/wfo-0001000827","","Y","Accepted","Rubus idaeus","Rubus idaeus","L.","991663","species","https://www.worldfloraonline.org/taxon/wfo-0001000827","","Rosaceae","1","1","wfo","","39",true,true
"39","Rubus idaeus L.","0.8","985315","Rubus idaeus","1","species","L.","Blanco","0","Blanco","Rosaceae","Rubus","Rubus","1","idaeus","idaeus","1","","","","","","","","","","","","https://www.worldfloraonline.org/taxon/wfo-0000994356","","Y","No opinion","","","","","","","","","2","2","wfo","[Ambiguous]","39",false,false
"39","Rubus idaeus L.","0.8","985317","Rubus idaeus","1","species","L.","Pursh","0","Pursh","Rosaceae","Rubus","Rubus","1","idaeus","idaeus","1","","","","","","","","","","","","https://www.worldfloraonline.org/taxon/wfo-0000994358","","Y","No opinion","","","","","","","","","3","3","wfo","[Ambiguous]","39",false,false
"39","Rubus idaeus L.","0.8","985319","Rubus idaeus","1","species","L.","Thunb.","0","Thunb.","Rosaceae","Rubus","Rubus","1","idaeus","idaeus","1","","","","","","","","","","","","https://www.worldfloraonline.org/taxon/wfo-0000994360","","Y","No opinion","","","","","","","","","4","4","wfo","[Ambiguous]","39",false,false
"39","Rubus idaeus L.","0.8","985316","Rubus idaeus","1","species","L.","Vell.","0","Vell.","Rosaceae","Rubus","Rubus","1","idaeus","idaeus","1","","","","","","","","","","","","https://www.worldfloraonline.org/taxon/wfo-0000994357","","Y","No opinion","","","","","","","","","5","5","wfo","[Ambiguous]","39",false,false
"40","Acer saccharum Marshall var. saccharum","1","1064849","Acer saccharum var. saccharum","1","variety","","","","","Sapindaceae","Acer","Acer","1","saccharum","saccharum","1","","","","var.","saccharum","1","","","","","","https://www.worldfloraonline.org/taxon/wfo-0001078654","","Y","Synonym","Acer saccharum","Acer saccharum","Marshall","508618","species","https://www.worldfloraonline.org/taxon/wfo-0000515026","","Sapindaceae","1","1","wfo","","40",true,true
"41","Rubus hispidus L.","1","997475","Rubus hispidus","1","species","L.","L.","1","L.","Rosaceae","Rubus","Rubus","1","hispidus","hispidus","1","","","","","","","","","","","","https://www.worldfloraonline.org/taxon/wfo-0001006855","","Y","Accepted","Rubus hispidus","Rubus hispidus","L.","997475","species","https://www.worldfloraonline.org/taxon/wfo-0001006855","","Rosaceae","1","1","wfo","","41",true,true
"41","Rubus hispidus L.","0.8","974633","Rubus hispidus","1","species","L.","Marshall","0","Marshall","Rosaceae","Rubus","Rubus","1","hispidus","hispidus","1","","","","","","","","","","","","https://www.worldfloraonline.org/taxon/wfo-0000983308","","Y","Synonym","Rubus trivialis","Rubus trivialis","Michx.","997910","species","https://www.worldfloraonline.org/taxon/wfo-0001007311","","Rosaceae","2","2","wfo","","41",false,false
"41","Rubus hispidus L.","0.8","991975","Rubus hispidus","1","species","L.","Mercier","0","Mercier","Rosaceae","Rubus","Rubus","1","hispidus","hispidus","1","","","","","","","","","","","","https://www.worldfloraonline.org/taxon/wfo-0001001145","","Y","No opinion","","","","","","","","","3","3","wfo","","41",false,false
"42","Prunus serotina Ehrh. var. serotina","1","1004172","Prunus serotina var. serotina","1","variety","","","","","Rosaceae","Prunus","Prunus","1","serotina","serotina","1","","","","var.","serotina","1","","","","","","https://www.worldfloraonline.org/taxon/wfo-0001013923","","Y","Synonym","Prunus serotina","Prunus serotina","Ehrh.","986919","species","https://www.worldfloraonline.org/taxon/wfo-0000995988","","Rosaceae","1","1","wfo","","42",true,true
"43","Acer nigrum Michx. f.","0.98788","508275","Acer nigrum","1","species","Michx. f.","F.Michx.","0.9394","F.Michx.","Sapindaceae","Acer","Acer","1","nigrum","nigrum","1","","","","","","","","","","","","https://www.worldfloraonline.org/taxon/wfo-0000514679","","Y","Synonym","Acer saccharum subsp. nigrum","Acer saccharum","(F.Michx.) Desmarais","508642","subspecies","https://www.worldfloraonline.org/taxon/wfo-0000515051","","Sapindaceae","1","1","wfo","","43",true,true
"44","Carex blanda Dewey","1","339856","Carex blanda","1","species","Dewey","Dewey","1","Dewey","Cyperaceae","Carex","Carex","1","blanda","blanda","1","","","","","","","","","","","","https://www.worldfloraonline.org/taxon/wfo-0000344953","","Y","Accepted","Carex blanda","Carex blanda","Dewey","339856","species","https://www.worldfloraonline.org/taxon/wfo-0000344953","","Cyperaceae","1","1","wfo","","44",true,true
"45","Viola sp.","0.9","1419672","Viola","1","genus","","","","L.","Violaceae","Viola","Viola","1","","","","","","","","","","","","","","sp.","https://www.worldfloraonline.org/taxon/wfo-4000040312","","Y","Accepted","Viola","","L.","1419672","genus","https://www.worldfloraonline.org/taxon/wfo-4000040312","","Violaceae","1","1","wfo","","45",true,true
"46","Anemone quinquefolia L. var. quinquefolia","1","1114994","Anemone quinquefolia var. quinquefolia","1","variety","","","","","Ranunculaceae","Anemone","Anemone","1","quinquefolia","quinquefolia","1","","","","var.","quinquefolia","1","","","","","","https://www.worldfloraonline.org/taxon/wfo-0001129672","","Y","Synonym","Anemone quinquefolia","Anemone quinquefolia","L.","529184","species","https://www.worldfloraonline.org/taxon/wfo-0000535705","","Ranunculaceae","1","1","wfo","","46",true,true
"47","Lysimachia quadrifolia L.","1","1090860","Lysimachia quadrifolia","1","species","L.","L.","1","L.","Primulaceae","Lysimachia","Lysimachia","1","quadrifolia","quadrifolia","1","","","","","","","","","","","","https://www.worldfloraonline.org/taxon/wfo-0001105375","","Y","Accepted","Lysimachia quadrifolia","Lysimachia quadrifolia","L.","1090860","species","https://www.worldfloraonline.org/taxon/wfo-0001105375","","Primulaceae","1","1","wfo","","47",true,true
"48","Carya glabra (Mill.) Sweet","1","581864","Carya glabra","1","species","(Mill.) Sweet","(Mill.) Sweet","1","(Mill.) Sweet","Juglandaceae","Carya","Carya","1","glabra","glabra","1","","","","","","","","","","","","https://www.worldfloraonline.org/taxon/wfo-0000588753","","Y","Accepted","Carya glabra","Carya glabra","(Mill.) Sweet","581864","species","https://www.worldfloraonline.org/taxon/wfo-0000588753","","Juglandaceae","1","1","wfo","","48",true,true
"49","Betula papyrifera Marshall","1","330115","Betula papyrifera","1","species","Marshall","Marshall","1","Marshall","Betulaceae","Betula","Betula","1","papyrifera","papyrifera","1","","","","","","","","","","","","https://www.worldfloraonline.org/taxon/wfo-0000335192","","Y","Accepted","Betula papyrifera","Betula papyrifera","Marshall","330115","species","https://www.worldfloraonline.org/taxon/wfo-0000335192","","Betulaceae","1","1","wfo","","49",true,true
"50","Rubus sp.","0.9","1415146","Rubus","1","genus","","","","L.","Rosaceae","Rubus","Rubus","1","","","","","","","","","","","","","","sp.","https://www.worldfloraonline.org/taxon/wfo-4000033581","","Y","Accepted","Rubus","","L.","1415146","genus","https://www.worldfloraonline.org/taxon/wfo-4000033581","","Rosaceae","1","1","wfo","","50",true,true
"51","Chimaphila maculata (L.) Pursh","1","595231","Chimaphila maculata","1","species","(L.) Pursh","(L.) Pursh","1","(L.) Pursh","Ericaceae","Chimaphila","Chimaphila","1","maculata","maculata","1","","","","","","","","","","","","https://www.worldfloraonline.org/taxon/wfo-0000602194","","Y","Accepted","Chimaphila maculata","Chimaphila maculata","(L.) Pursh","595231","species","https://www.worldfloraonline.org/taxon/wfo-0000602194","","Ericaceae","1","1","wfo","","51",true,true
"52","Lysimachia punctata L.","1","436481","Lysimachia punctata","1","species","L.","L.","1","L.","Primulaceae","Lysimachia","Lysimachia","1","punctata","punctata","1","","","","","","","","","","","","https://www.worldfloraonline.org/taxon/wfo-0000442390","","Y","Accepted","Lysimachia punctata","Lysimachia punctata","L.","436481","species","https://www.worldfloraonline.org/taxon/wfo-0000442390","","Primulaceae","1","1","wfo","","52",true,true
"53","Dryopteris sp.","0.9","1400872","Dryopteris","1","genus","","","","Adans.","Dryopteridaceae","Dryopteris","Dryopteris","1","","","","","","","","","","","","","","sp.","https://www.worldfloraonline.org/taxon/wfo-4000012657","","Y","Accepted","Dryopteris","","Adans.","1400872","genus","https://www.worldfloraonline.org/taxon/wfo-4000012657","","Dryopteridaceae","1","1","wfo","","53",true,true
"53","Dryopteris sp.","0.9","1400873","Dryopteris","1","genus","","","","","","Dryopteris","Dryopteris","1","","","","","","","","","","","","","","sp.","https://www.worldfloraonline.org/taxon/wfo-4000012659","","Y","No opinion","","","","","","","","","2","2","wfo","","53",false,false
"54","Carex spp.","0.9","1396841","Carex","1","genus","","","","L.","Cyperaceae","Carex","Carex","1","","","","","","","","","","","","","","spp.","https://www.worldfloraonline.org/taxon/wfo-4000006709","","Y","Accepted","Carex","","L.","1396841","genus","https://www.worldfloraonline.org/taxon/wfo-4000006709","","Cyperaceae","1","1","wfo","","54",true,true
"55","Lysimachia terrestris (L.) Britton  Sterns & Poggenb.","0.94876","436495","Lysimachia terrestris","1","species","(L.) Britton Sterns & Poggenb.","Britton, Sterns & Poggenb.","0.7438","Britton, Sterns & Poggenb.","Primulaceae","Lysimachia","Lysimachia","1","terrestris","terrestris","1","","","","","","","","","","","","https://www.worldfloraonline.org/taxon/wfo-0000442404","","Y","Accepted","Lysimachia terrestris","Lysimachia terrestris","Britton, Sterns & Poggenb.","436495","species","https://www.worldfloraonline.org/taxon/wfo-0000442404","","Primulaceae","1","1","wfo","","55",true,true
"56","Ilex verticillata (L.) A. Gray","1","1064700","Ilex verticillata","1","species","(L.) A. Gray","(L.) A.Gray","1","(L.) A.Gray","Aquifoliaceae","Ilex","Ilex","1","verticillata","verticillata","1","","","","","","","","","","","","https://www.worldfloraonline.org/taxon/wfo-0001078505","","Y","Accepted","Ilex verticillata","Ilex verticillata","(L.) A.Gray","1064700","species","https://www.worldfloraonline.org/taxon/wfo-0001078505","","Aquifoliaceae","1","1","wfo","","56",true,true
"57","Betula populifolia Marshall","1","330751","Betula populifolia","1","species","Marshall","Marshall","1","Marshall","Betulaceae","Betula","Betula","1","populifolia","populifolia","1","","","","","","","","","","","","https://www.worldfloraonline.org/taxon/wfo-0000335831","","Y","Accepted","Betula populifolia","Betula populifolia","Marshall","330751","species","https://www.worldfloraonline.org/taxon/wfo-0000335831","","Betulaceae","1","1","wfo","","57",true,true
"57","Betula populifolia Marshall","0.8","330739","Betula populifolia","1","species","Marshall","Aiton","0","Aiton","Betulaceae","Betula","Betula","1","populifolia","populifolia","1","","","","","","","","","","","","https://www.worldfloraonline.org/taxon/wfo-0000335819","","Y","Accepted","Betula populifolia","Betula populifolia","Aiton","330739","species","https://www.worldfloraonline.org/taxon/wfo-0000335819","","Betulaceae","2","2","wfo","","57",false,false
"58","Bidens frondosa L.","1","75501","Bidens frondosa","1","species","L.","L.","1","L.","Asteraceae","Bidens","Bidens","1","frondosa","frondosa","1","","","","","","","","","","","","https://www.worldfloraonline.org/taxon/wfo-0000076245","","Y","Accepted","Bidens frondosa","Bidens frondosa","L.","75501","species","https://www.worldfloraonline.org/taxon/wfo-0000076245","","Asteraceae","1","1","wfo","","58",true,true
"58","Bidens frondosa L.","0.8","58714","Bidens frondosa","1","species","L.","Buch.-Ham. ex Hook.f.","0","Buch.-Ham. ex Hook.f.","Asteraceae","Bidens","Bidens","1","frondosa","frondosa","1","","","","","","","","","","","","https://www.worldfloraonline.org/taxon/wfo-0000059236","","Y","Synonym","Bidens tripartita subsp. tripartita","Bidens tripartita","","47968","subspecies","https://www.worldfloraonline.org/taxon/wfo-0000047981","","Asteraceae","2","2","wfo","","58",false,false
"59","Betula sp.","0.9","1395441","Betula","1","genus","","","","L.","Betulaceae","Betula","Betula","1","","","","","","","","","","","","","","sp.","https://www.worldfloraonline.org/taxon/wfo-4000004547","","Y","Accepted","Betula","","L.","1395441","genus","https://www.worldfloraonline.org/taxon/wfo-4000004547","","Betulaceae","1","1","wfo","","59",true,true
"60","Impatiens capensis Meerb.","1","722621","Impatiens capensis","1","species","Meerb.","Meerb.","1","Meerb.","Balsaminaceae","Impatiens","Impatiens","1","capensis","capensis","1","","","","","","","","","","","","https://www.worldfloraonline.org/taxon/wfo-0000730324","","Y","Accepted","Impatiens capensis","Impatiens capensis","Meerb.","722621","species","https://www.worldfloraonline.org/taxon/wfo-0000730324","","Balsaminaceae","1","1","wfo","","60",true,true
"61","Polygonum arifolium L.","1","1086592","Polygonum arifolium","1","species","L.","L.","1","L.","Polygonaceae","Polygonum","Polygonum","1","arifolium","arifolium","1","","","","","","","","","","","","https://www.worldfloraonline.org/taxon/wfo-0001101018","","Y","Synonym","Persicaria arifolia","Persicaria arifolia","(L.) Haraldson","1218823","species","https://www.worldfloraonline.org/taxon/wfo-0001234854","","Polygonaceae","1","1","wfo","","61",true,true
"61","Polygonum arifolium L.","0.8","1254811","Polygonum arifolium","1","species","L.","Thunb.","0","Thunb.","Polygonaceae","Polygonum","Polygonum","1","arifolium","arifolium","1","","","","","","","","","","","","https://www.worldfloraonline.org/taxon/wfo-0001271676","","Y","Synonym","Polygonum thunbergii","Polygonum thunbergii","Siebold & Zucc.","1086423","species","https://www.worldfloraonline.org/taxon/wfo-0001100848","","Polygonaceae","2","2","wfo","","61",false,false
"62","Arisaema triphyllum (L.) Schott ssp. triphyllum","1","1334723","Arisaema triphyllum subsp. triphyllum","1","subspecies","","","","","Araceae","Arisaema","Arisaema","1","triphyllum","triphyllum","1","","","","subsp.","triphyllum","1","","","","","","https://www.worldfloraonline.org/taxon/wfo-0001367683","","Y","No opinion","","","","","","","","","1","1","wfo","","62",true,true
"62","Arisaema triphyllum (L.) Schott ssp. triphyllum","0.96021221090168","1070410","Arisaema triphyllum fo.rm triphyllum","0.96021221090168","forma","","","","","Araceae","Arisaema","Arisaema","1","triphyllum","triphyllum","1","","","","fo.rm","triphyllum","0.7","","","","","","https://www.worldfloraonline.org/taxon/wfo-0001084267","","Y","Synonym","Arisaema triphyllum","Arisaema triphyllum","(L.) Schott","269721","species","https://www.worldfloraonline.org/taxon/wfo-0000274695","","Araceae","2","2","wfo","","62",false,false
"62","Arisaema triphyllum (L.) Schott ssp. triphyllum","0.96021221090168","1070411","Arisaema triphyllum var. triphyllum","0.96021221090168","variety","","","","","Araceae","Arisaema","Arisaema","1","triphyllum","triphyllum","1","","","","var.","triphyllum","0.7","","","","","","https://www.worldfloraonline.org/taxon/wfo-0001084268","","Y","Synonym","Arisaema triphyllum","Arisaema triphyllum","(L.) Schott","269721","species","https://www.worldfloraonline.org/taxon/wfo-0000274695","","Araceae","3","3","wfo","","62",false,false
"63","Betula alleghaniensis Britton","1","325834","Betula alleghaniensis","1","species","Britton","Britton","1","Britton","Betulaceae","Betula","Betula","1","alleghaniensis","alleghaniensis","1","","","","","","","","","","","","https://www.worldfloraonline.org/taxon/wfo-0000330900","","Y","Accepted","Betula alleghaniensis","Betula alleghaniensis","Britton","325834","species","https://www.worldfloraonline.org/taxon/wfo-0000330900","","Betulaceae","1","1","wfo","","63",true,true
"64","Parthenocissus quinquefolia (L.) Planch.","0.90514","468209","Parthenocissus quinquefolia","1","species","(L.) Planch.","Planch.","0.5257","Planch.","Vitaceae","Parthenocissus","Parthenocissus","1","quinquefolia","quinquefolia","1","","","","","","","","","","","","https://www.worldfloraonline.org/taxon/wfo-0000474309","","Y","Accepted","Parthenocissus quinquefolia","Parthenocissus quinquefolia","Planch.","468209","species","https://www.worldfloraonline.org/taxon/wfo-0000474309","","Vitaceae","1","1","wfo","","64",true,true
"65","Galium tinctorium (L.) Scop.","0.9043","961764","Galium tinctorium","1","species","(L.) Scop.","L.","0.5215","L.","Rubiaceae","Galium","Galium","1","tinctorium","tinctorium","1","","","","","","","","","","","","https://www.worldfloraonline.org/taxon/wfo-0000970394","","Y","Accepted","Galium tinctorium","Galium tinctorium","L.","961764","species","https://www.worldfloraonline.org/taxon/wfo-0000970394","","Rubiaceae","1","1","wfo","","65",true,true
"65","Galium tinctorium (L.) Scop.","0.88838","961767","Galium tinctorium","1","species","(L.) Scop.","Scop.","0.4419","Scop.","Rubiaceae","Galium","Galium","1","tinctorium","tinctorium","1","","","","","","","","","","","","https://www.worldfloraonline.org/taxon/wfo-0000970397","","Y","Synonym","Asperula tinctoria","Asperula tinctoria","L.","284563","species","https://www.worldfloraonline.org/taxon/wfo-0000289552","","Rubiaceae","2","2","wfo","","65",false,false
"66","Thelypteris palustris Schott var. pubescens (G. Lawson) Fernald","0.91174","1092910","Thelypteris palustris var. pubescens","1","variety","(G. Lawson) Fernald","Fernald","0.5587","Fernald","Thelypteridaceae","Thelypteris","Thelypteris","1","palustris","palustris","1","","","","var.","pubescens","1","","","","","","https://www.worldfloraonline.org/taxon/wfo-0001107442","","Y","Synonym","Thelypteris palustris subsp. pubescens","Thelypteris palustris","(G.Lawson) Fraser-Jenk.","1326444","subspecies","https://www.worldfloraonline.org/taxon/wfo-0001359279","","Thelypteridaceae","1","1","wfo","","66",true,true
"67","Onoclea sensibilis L.","1","1094665","Onoclea sensibilis","1","species","L.","L.","1","L.","Onocleaceae","Onoclea","Onoclea","1","sensibilis","sensibilis","1","","","","","","","","","","","","https://www.worldfloraonline.org/taxon/wfo-0001109206","","Y","Accepted","Onoclea sensibilis","Onoclea sensibilis","L.","1094665","species","https://www.worldfloraonline.org/taxon/wfo-0001109206","","Onocleaceae","1","1","wfo","","67",true,true
"68","Vaccinium pallidum Aiton","1","1034278","Vaccinium pallidum","1","species","Aiton","Aiton","1","Aiton","Ericaceae","Vaccinium","Vaccinium","1","pallidum","pallidum","1","","","","","","","","","","","","https://www.worldfloraonline.org/taxon/wfo-0001047104","","Y","Accepted","Vaccinium pallidum","Vaccinium pallidum","Aiton","1034278","species","https://www.worldfloraonline.org/taxon/wfo-0001047104","","Ericaceae","1","1","wfo","","68",true,true
"69","Gaylussacia baccata (Wangenh.) K. Koch","1","688151","Gaylussacia baccata","1","species","(Wangenh.) K. Koch","(Wangenh.) K.Koch","1","(Wangenh.) K.Koch","Ericaceae","Gaylussacia","Gaylussacia","1","baccata","baccata","1","","","","","","","","","","","","https://www.worldfloraonline.org/taxon/wfo-0000695679","","Y","Accepted","Gaylussacia baccata","Gaylussacia baccata","(Wangenh.) K.Koch","688151","species","https://www.worldfloraonline.org/taxon/wfo-0000695679","","Ericaceae","1","1","wfo","","69",true,true
"70","Lyonia ligustrina (L.) DC. var. ligustrina","1","1034053","Lyonia ligustrina var. ligustrina","1","variety","","","","","Ericaceae","Lyonia","Lyonia","1","ligustrina","ligustrina","1","","","","var.","ligustrina","1","","","","","","https://www.worldfloraonline.org/taxon/wfo-0001046878","","Y","Synonym","Lyonia ligustrina","Lyonia ligustrina","(L.) DC.","1034052","species","https://www.worldfloraonline.org/taxon/wfo-0001046877","","Ericaceae","1","1","wfo","","70",true,true
"71","Pteridium aquilinum (L.) Kuhn var. latiusculum (Desv.) Underw. ex A. Heller","1","1101994","Pteridium aquilinum var. latiusculum","1","variety","(Desv.) Underw. ex A. Heller","(Desv.) Underw. ex A.Heller","1","(Desv.) Underw. ex A.Heller","Dennstaedtiaceae","Pteridium","Pteridium","1","aquilinum","aquilinum","1","","","","var.","latiusculum","1","","","","","","https://www.worldfloraonline.org/taxon/wfo-0001116593","","Y","Synonym","Pteridium latiusculum subsp. latiusculum","Pteridium latiusculum","","1375332","subspecies","https://www.worldfloraonline.org/taxon/wfo-0001425728","","Dennstaedtiaceae","1","1","wfo","","71",true,true
"72","Goodyera tesselata Lodd.","1","966161","Goodyera tesselata","1","species","Lodd.","Lodd.","1","Lodd.","Orchidaceae","Goodyera","Goodyera","1","tesselata","tesselata","1","","","","","","","","","","","","https://www.worldfloraonline.org/taxon/wfo-0000974794","","Y","Accepted","Goodyera tesselata","Goodyera tesselata","Lodd.","966161","species","https://www.worldfloraonline.org/taxon/wfo-0000974794","","Orchidaceae","1","1","wfo","","72",true,true
"72","Goodyera tesselata Lodd.","0.8923","1472960","Goodyera tesselata","1","species","Lodd.","G.Lodd. ex Sweet","0.4615","G.Lodd. ex Sweet","Orchidaceae","Goodyera","Goodyera","1","tesselata","tesselata","1","","","","","","","","","","","","https://www.worldfloraonline.org/taxon/wfo-1200010042","","Y","No opinion","","","","","","","","","2","2","wfo","","72",false,false
"73","Sorbus americana Marshall","1","1005249","Sorbus americana","1","species","Marshall","Marshall","1","Marshall","Rosaceae","Sorbus","Sorbus","1","americana","americana","1","","","","","","","","","","","","https://www.worldfloraonline.org/taxon/wfo-0001015070","","Y","Accepted","Sorbus americana","Sorbus americana","Marshall","1005249","species","https://www.worldfloraonline.org/taxon/wfo-0001015070","","Rosaceae","1","1","wfo","","73",true,true
"73","Sorbus americana Marshall","0.8434","982330","Sorbus americana","1","species","Marshall","Pursh","0.217","Pursh","Rosaceae","Sorbus","Sorbus","1","americana","americana","1","","","","","","","","","","","","https://www.worldfloraonline.org/taxon/wfo-0000991285","","Y","Synonym","Sorbus decora","Sorbus decora","(Sarg.) C.K.Schneid.","1005265","species","https://www.worldfloraonline.org/taxon/wfo-0001015088","","Rosaceae","2","2","wfo","","73",false,false
"73","Sorbus americana Marshall","0.81666","996758","Sorbus americana","1","species","Marshall","Willd.","0.0833","Willd.","Rosaceae","Sorbus","Sorbus","1","americana","americana","1","","","","","","","","","","","","https://www.worldfloraonline.org/taxon/wfo-0001006113","","Y","Synonym","Sorbus americana","Sorbus americana","Marshall","1005249","species","https://www.worldfloraonline.org/taxon/wfo-0001015070","","Rosaceae","3","3","wfo","","73",false,false
"73","Sorbus americana Marshall","0.8","987973","Sorbus americana","1","species","Marshall","Herb.L.B. ex Hedl.","0","Herb.L.B. ex Hedl.","Rosaceae","Sorbus","Sorbus","1","americana","americana","1","","","","","","","","","","","","https://www.worldfloraonline.org/taxon/wfo-0000997054","","Y","No opinion","","","","","","","","","4","4","wfo","[Ambiguous]","73",false,false
"73","Sorbus americana Marshall","0.8","996759","Sorbus americana","1","species","Marshall","Wenz.","0","Wenz.","Rosaceae","Sorbus","Sorbus","1","americana","americana","1","","","","","","","","","","","","https://www.worldfloraonline.org/taxon/wfo-0001006114","","Y","No opinion","","","","","","","","","5","5","wfo","[Ambiguous]","73",false,false
"74","Osmunda claytoniana L.","1","1094528","Osmunda claytoniana","1","species","L.","L.","1","L.","Osmundaceae","Osmunda","Osmunda","1","claytoniana","claytoniana","1","","","","","","","","","","","","https://www.worldfloraonline.org/taxon/wfo-0001109066","","Y","Accepted","Osmunda claytoniana","Osmunda claytoniana","L.","1094528","species","https://www.worldfloraonline.org/taxon/wfo-0001109066","","Osmundaceae","1","1","wfo","","74",true,true
"75","Thelypteris noveboracensis (L.) Nieuwl.","0.90514","1094882","Thelypteris noveboracensis","1","species","(L.) Nieuwl.","Nieuwl.","0.5257","Nieuwl.","Thelypteridaceae","Thelypteris","Thelypteris","1","noveboracensis","noveboracensis","1","","","","","","","","","","","","https://www.worldfloraonline.org/taxon/wfo-0001109425","","Y","Accepted","Thelypteris noveboracensis","Thelypteris noveboracensis","Nieuwl.","1094882","species","https://www.worldfloraonline.org/taxon/wfo-0001109425","","Thelypteridaceae","1","1","wfo","","75",true,true
"76","Brachyelytrum aristosum (Michx.) Trel.","0.91846","846051","Brachyelytrum aristosum","1","species","(Michx.) Trel.","(Michx.) Trel., Branner & Coville","0.5923","(Michx.) Trel., Branner & Coville","Poaceae","Brachyelytrum","Brachyelytrum","1","aristosum","aristosum","1","","","","","","","","","","","","https://www.worldfloraonline.org/taxon/wfo-0000854319","","Y","Accepted","Brachyelytrum aristosum","Brachyelytrum aristosum","(Michx.) Trel., Branner & Coville","846051","species","https://www.worldfloraonline.org/taxon/wfo-0000854319","","Poaceae","1","1","wfo","","76",true,true
"77","Kalmia angustifolia L.","1","351015","Kalmia angustifolia","1","species","L.","L.","1","L.","Ericaceae","Kalmia","Kalmia","1","angustifolia","angustifolia","1","","","","","","","","","","","","https://www.worldfloraonline.org/taxon/wfo-0000356149","","Y","Accepted","Kalmia angustifolia","Kalmia angustifolia","L.","351015","species","https://www.worldfloraonline.org/taxon/wfo-0000356149","","Ericaceae","1","1","wfo","","77",true,true
"78","Lycopodium hickeyi W.H. Wagner  Beitel & Moran","0.91624","1101601","Lycopodium hickeyi","1","species","W.H. Wagner Beitel & Moran","( ex Beitel & R.C.Moran) W.H.Wagner, Beitel & R.C.Moran","0.5812","( ex Beitel & R.C.Moran) W.H.Wagner, Beitel & R.C.Moran","Lycopodiaceae","Lycopodium","Lycopodium","1","hickeyi","hickeyi","1","","","","","","","","","","","","https://www.worldfloraonline.org/taxon/wfo-0001116198","","Y","Accepted","Lycopodium hickeyi","Lycopodium hickeyi","( ex Beitel & R.C.Moran) W.H.Wagner, Beitel & R.C.Moran","1101601","species","https://www.worldfloraonline.org/taxon/wfo-0001116198","","Lycopodiaceae","1","1","wfo","","78",true,true
"79","Vitis labrusca L.","1","415532","Vitis labrusca","1","species","L.","L.","1","L.","Vitaceae","Vitis","Vitis","1","labrusca","labrusca","1","","","","","","","","","","","","https://www.worldfloraonline.org/taxon/wfo-0000421309","","Y","Accepted","Vitis labrusca","Vitis labrusca","L.","415532","species","https://www.worldfloraonline.org/taxon/wfo-0000421309","","Vitaceae","1","1","wfo","","79",true,true
"80","Picea rubens Sarg.","1","476484","Picea rubens","1","species","Sarg.","Sarg.","1","Sarg.","Pinaceae","Picea","Picea","1","rubens","rubens","1","","","","","","","","","","","","https://www.worldfloraonline.org/taxon/wfo-0000482650","","Y","Accepted","Picea rubens","Picea rubens","Sarg.","476484","species","https://www.worldfloraonline.org/taxon/wfo-0000482650","","Pinaceae","1","1","wfo","","80",true,true
"81","Carya ovata (Mill.) K. Koch","1","581926","Carya ovata","1","species","(Mill.) K. Koch","(Mill.) K.Koch","1","(Mill.) K.Koch","Juglandaceae","Carya","Carya","1","ovata","ovata","1","","","","","","","","","","","","https://www.worldfloraonline.org/taxon/wfo-0000588816","","Y","Accepted","Carya ovata","Carya ovata","(Mill.) K.Koch","581926","species","https://www.worldfloraonline.org/taxon/wfo-0000588816","","Juglandaceae","1","1","wfo","","81",true,true
"82","Berberis thunbergii DC.","1","557260","Berberis thunbergii","1","species","DC.","DC.","1","DC.","Berberidaceae","Berberis","Berberis","1","thunbergii","thunbergii","1","","","","","","","","","","","","https://www.worldfloraonline.org/taxon/wfo-0000563924","","Y","Accepted","Berberis thunbergii","Berberis thunbergii","DC.","557260","species","https://www.worldfloraonline.org/taxon/wfo-0000563924","","Berberidaceae","1","1","wfo","","82",true,true
"83","Galium triflorum Michx.","1","961836","Galium triflorum","1","species","Michx.","Michx.","1","Michx.","Rubiaceae","Galium","Galium","1","triflorum","triflorum","1","","","","","","","","","","","","https://www.worldfloraonline.org/taxon/wfo-0000970466","","Y","Accepted","Galium triflorum","Galium triflorum","Michx.","961836","species","https://www.worldfloraonline.org/taxon/wfo-0000970466","","Rubiaceae","1","1","wfo","","83",true,true
"84","Prunus serotina Ehrh.","1","986919","Prunus serotina","1","species","Ehrh.","Ehrh.","1","Ehrh.","Rosaceae","Prunus","Prunus","1","serotina","serotina","1","","","","","","","","","","","","https://www.worldfloraonline.org/taxon/wfo-0000995988","","Y","Accepted","Prunus serotina","Prunus serotina","Ehrh.","986919","species","https://www.worldfloraonline.org/taxon/wfo-0000995988","","Rosaceae","1","1","wfo","","84",true,true
"84","Prunus serotina Ehrh.","0.83176","986981","Prunus serotina","1","species","Ehrh.","Poir.","0.1588","Poir.","Rosaceae","Prunus","Prunus","1","serotina","serotina","1","","","","","","","","","","","","https://www.worldfloraonline.org/taxon/wfo-0000996051","","Y","Synonym","Prunus virginiana","Prunus virginiana","L.","1006703","species","https://www.worldfloraonline.org/taxon/wfo-0001016575","","Rosaceae","2","2","wfo","","84",false,false
"84","Prunus serotina Ehrh.","0.8127","987190","Prunus serotina","1","species","Ehrh.","Poit. & Turpin","0.0635","Poit. & Turpin","Rosaceae","Prunus","Prunus","1","serotina","serotina","1","","","","","","","","","","","","https://www.worldfloraonline.org/taxon/wfo-0000996261","","Y","No opinion","","","","","","","","","3","3","wfo","","84",false,false
"84","Prunus serotina Ehrh.","0.8","986952","Prunus serotina","1","species","Ehrh.","Roth","0","Roth","Rosaceae","Prunus","Prunus","1","serotina","serotina","1","","","","","","","","","","","","https://www.worldfloraonline.org/taxon/wfo-0000996021","","Y","No opinion","","","","","","","","","4","4","wfo","[Ambiguous]","84",false,false
"84","Prunus serotina Ehrh.","0.8","986989","Prunus serotina","1","species","Ehrh.","Schur","0","Schur","Rosaceae","Prunus","Prunus","1","serotina","serotina","1","","","","","","","","","","","","https://www.worldfloraonline.org/taxon/wfo-0000996059","","Y","No opinion","","","","","","","","","5","5","wfo","[Ambiguous]","84",false,false
"85","Lycopodium sp.","0.9","1407472","Lycopodium","1","genus","","","","L.","Lycopodiaceae","Lycopodium","Lycopodium","1","","","","","","","","","","","","","","sp.","https://www.worldfloraonline.org/taxon/wfo-4000022509","","Y","Accepted","Lycopodium","","L.","1407472","genus","https://www.worldfloraonline.org/taxon/wfo-4000022509","","Lycopodiaceae","1","1","wfo","","85",true,true
"86","Dryopteris intermedia (Muhl. ex Willd.) A. Gray","0.89238","1092774","Dryopteris intermedia","1","species","(Muhl. ex Willd.) A. Gray","A.Gray","0.4619","A.Gray","Dryopteridaceae","Dryopteris","Dryopteris","1","intermedia","intermedia","1","","","","","","","","","","","","https://www.worldfloraonline.org/taxon/wfo-0001107305","","Y","Accepted","Dryopteris intermedia","Dryopteris intermedia","A.Gray","1092774","species","https://www.worldfloraonline.org/taxon/wfo-0001107305","","Dryopteridaceae","1","1","wfo","","86",true,true
"87","Tiarella cordifolia L. var. cordifolia","1","1120458","Tiarella cordifolia var. cordifolia","1","variety","","","","","Saxifragaceae","Tiarella","Tiarella","1","cordifolia","cordifolia","1","","","","var.","cordifolia","1","","","","","","https://www.worldfloraonline.org/taxon/wfo-0001135425","","Y","Synonym","Tiarella cordifolia","Tiarella cordifolia","L.","453245","species","https://www.worldfloraonline.org/taxon/wfo-0000459230","","Saxifragaceae","1","1","wfo","","87",true,true
"88","Carex pensylvanica Lam.","1","344798","Carex pensylvanica","1","species","Lam.","Lam.","1","Lam.","Cyperaceae","Carex","Carex","1","pensylvanica","pensylvanica","1","","","","","","","","","","","","https://www.worldfloraonline.org/taxon/wfo-0000349907","","Y","Accepted","Carex pensylvanica","Carex pensylvanica","Lam.","344798","species","https://www.worldfloraonline.org/taxon/wfo-0000349907","","Cyperaceae","1","1","wfo","","88",true,true
"89","Circaea alpina L. ssp. alpina","0.96021221090168","1073777","Circaea alpina var. alpina","0.96021221090168","variety","","","","","Onagraceae","Circaea","Circaea","1","alpina","alpina","1","","","","var.","alpina","0.7","","","","","","https://www.worldfloraonline.org/taxon/wfo-0001087699","","Y","Synonym","Circaea alpina","Circaea alpina","L.","598620","species","https://www.worldfloraonline.org/taxon/wfo-0000605592","","Onagraceae","1","1","wfo","","89",true,true
"90","Polystichum acrostichoides (Michx.) Schott var. acrostichoides","0.96021221090168","1096814","Polystichum acrostichoides fo.rm acrostichoides","0.96021221090168","forma","","","","","Dryopteridaceae","Polystichum","Polystichum","1","acrostichoides","acrostichoides","1","","","","fo.rm","acrostichoides","0.7","","","","","","https://www.worldfloraonline.org/taxon/wfo-0001111374","","Y","Synonym","Polystichum acrostichoides","Polystichum acrostichoides","(Michx.) Schott","1094720","species","https://www.worldfloraonline.org/taxon/wfo-0001109261","","Dryopteridaceae","1","1","wfo","","90",true,true
"91","Veronica officinalis L. var. officinalis","1","1123288","Veronica officinalis var. officinalis","1","variety","","","","","Plantaginaceae","Veronica","Veronica","1","officinalis","officinalis","1","","","","var.","officinalis","1","","","","","","https://www.worldfloraonline.org/taxon/wfo-0001138286","","Y","Synonym","Veronica officinalis","Veronica officinalis","L.","420292","species","https://www.worldfloraonline.org/taxon/wfo-0000426099","","Plantaginaceae","1","1","wfo","","91",true,true
"92","Carpinus caroliniana Walter ssp. virginiana (Marshall) Furlow","1","796587","Carpinus caroliniana subsp. virginiana","1","subspecies","(Marshall) Furlow","(Marshall) Furlow","1","(Marshall) Furlow","Betulaceae","Carpinus","Carpinus","1","caroliniana","caroliniana","1","","","","subsp.","virginiana","1","","","","","","https://www.worldfloraonline.org/taxon/wfo-0000804720","","Y","Accepted","Carpinus caroliniana subsp. virginiana","Carpinus caroliniana","(Marshall) Furlow","796587","subspecies","https://www.worldfloraonline.org/taxon/wfo-0000804720","","Betulaceae","1","1","wfo","","92",true,true
"92","Carpinus caroliniana Walter ssp. virginiana (Marshall) Furlow","0.89566976872134","796596","Carpinus caroliniana var. virginiana","0.96021221090168","variety","(Marshall) Furlow","(Marshall) Fernald","0.6375","(Marshall) Fernald","Betulaceae","Carpinus","Carpinus","1","caroliniana","caroliniana","1","","","","var.","virginiana","0.7","","","","","","https://www.worldfloraonline.org/taxon/wfo-0000804729","","Y","Synonym","Carpinus caroliniana subsp. virginiana","Carpinus caroliniana","(Marshall) Furlow","796587","subspecies","https://www.worldfloraonline.org/taxon/wfo-0000804720","","Betulaceae","2","2","wfo","","92",false,false
"93","Oryzopsis asperifolia Michx.","1","874195","Oryzopsis asperifolia","1","species","Michx.","Michx.","1","Michx.","Poaceae","Oryzopsis","Oryzopsis","1","asperifolia","asperifolia","1","","","","","","","","","","","","https://www.worldfloraonline.org/taxon/wfo-0000882482","","Y","Accepted","Oryzopsis asperifolia","Oryzopsis asperifolia","Michx.","874195","species","https://www.worldfloraonline.org/taxon/wfo-0000882482","","Poaceae","1","1","wfo","","93",true,true
"94","Athyrium filix-femina (L.) Roth ssp. angustum (Willd.) R.T. Clausen","0.9936528279316","1094946","Athyrium filix-femina subsp. angustum","0.9920660349145","subspecies","(Willd.) R.T. Clausen","(Willd.) R.T.Clausen","1","(Willd.) R.T.Clausen","Aspleniaceae","Athyrium","Athyrium","1","filix-femina","filix-femina","0.91666666666667","","","","subsp.","angustum","1","","","","","","https://www.worldfloraonline.org/taxon/wfo-0001109490","","Y","Synonym","Athyrium asplenioides var. angustum","Athyrium asplenioides","(Willd.) T.Moore","1345280","variety","https://www.worldfloraonline.org/taxon/wfo-0001378743","","Aspleniaceae","1","1","wfo","","94",true,true
"94","Athyrium filix-femina (L.) Roth ssp. angustum (Willd.) R.T. Clausen","0.85951426009471","1096639","Athyrium filix-femina var. angustum","0.94129282511839","variety","(Willd.) R.T. Clausen","(Willd.) G.Lawson","0.5324","(Willd.) G.Lawson","Aspleniaceae","Athyrium","Athyrium","1","filix-femina","filix-femina","0.91666666666667","","","","var.","angustum","0.7","","","","","","https://www.worldfloraonline.org/taxon/wfo-0001111193","","Y","Synonym","Athyrium asplenioides var. angustum","Athyrium asplenioides","(Willd.) T.Moore","1345280","variety","https://www.worldfloraonline.org/taxon/wfo-0001378743","","Aspleniaceae","2","2","wfo","","94",false,false
"95","Pyrola elliptica Nutt.","1","390707","Pyrola elliptica","1","species","Nutt.","Nutt.","1","Nutt.","Ericaceae","Pyrola","Pyrola","1","elliptica","elliptica","1","","","","","","","","","","","","https://www.worldfloraonline.org/taxon/wfo-0000396294","","Y","Accepted","Pyrola elliptica","Pyrola elliptica","Nutt.","390707","species","https://www.worldfloraonline.org/taxon/wfo-0000396294","","Ericaceae","1","1","wfo","","95",true,true
"96","Prunus virginiana L.","1","1006703","Prunus virginiana","1","species","L.","L.","1","L.","Rosaceae","Prunus","Prunus","1","virginiana","virginiana","1","","","","","","","","","","","","https://www.worldfloraonline.org/taxon/wfo-0001016575","","Y","Accepted","Prunus virginiana","Prunus virginiana","L.","1006703","species","https://www.worldfloraonline.org/taxon/wfo-0001016575","","Rosaceae","1","1","wfo","","96",true,true
"96","Prunus virginiana L.","0.8","987375","Prunus virginiana","1","species","L.","Du Roi","0","Du Roi","Rosaceae","Prunus","Prunus","1","virginiana","virginiana","1","","","","","","","","","","","","https://www.worldfloraonline.org/taxon/wfo-0000996448","","Y","No opinion","","","","","","","","","2","2","wfo","","96",false,false
"97","Glyceria striata (Lam.) Hitchc.","1","865076","Glyceria striata","1","species","(Lam.) Hitchc.","(Lam.) Hitchc.","1","(Lam.) Hitchc.","Poaceae","Glyceria","Glyceria","1","striata","striata","1","","","","","","","","","","","","https://www.worldfloraonline.org/taxon/wfo-0000873359","","Y","Accepted","Glyceria striata","Glyceria striata","(Lam.) Hitchc.","865076","species","https://www.worldfloraonline.org/taxon/wfo-0000873359","","Poaceae","1","1","wfo","","97",true,true
"98","Amphicarpaea bracteata (L.) Fernald","1","167467","Amphicarpaea bracteata","1","species","(L.) Fernald","(L.) Fernald","1","(L.) Fernald","Fabaceae","Amphicarpaea","Amphicarpaea","1","bracteata","bracteata","1","","","","","","","","","","","","https://www.worldfloraonline.org/taxon/wfo-0000169563","","Y","Accepted","Amphicarpaea bracteata","Amphicarpaea bracteata","(L.) Fernald","167467","species","https://www.worldfloraonline.org/taxon/wfo-0000169563","","Fabaceae","1","1","wfo","","98",true,true
"99","Celastrus orbiculatus Thunb.","1","585945","Celastrus orbiculatus","1","species","Thunb.","Thunb.","1","Thunb.","Celastraceae","Celastrus","Celastrus","1","orbiculatus","orbiculatus","1","","","","","","","","","","","","https://www.worldfloraonline.org/taxon/wfo-0000592852","","Y","Accepted","Celastrus orbiculatus","Celastrus orbiculatus","Thunb.","585945","species","https://www.worldfloraonline.org/taxon/wfo-0000592852","","Celastraceae","1","1","wfo","","99",true,true
"100","Eurybia divaricata (L.) G.L. Nesom","1","60199","Eurybia divaricata","1","species","(L.) G.L. Nesom","(L.) G.L.Nesom","1","(L.) G.L.Nesom","Asteraceae","Eurybia","Eurybia","1","divaricata","divaricata","1","","","","","","","","","","","","https://www.worldfloraonline.org/taxon/wfo-0000060736","","Y","Accepted","Eurybia divaricata","Eurybia divaricata","(L.) G.L.Nesom","60199","species","https://www.worldfloraonline.org/taxon/wfo-0000060736","","Asteraceae","1","1","wfo","","100",true,true
"101","Prenanthes sp.","0.9","1413452","Prenanthes","1","genus","","","","L.","Asteraceae","Prenanthes","Prenanthes","1","","","","","","","","","","","","","","sp.","https://www.worldfloraonline.org/taxon/wfo-4000031103","","Y","Accepted","Prenanthes","","L.","1413452","genus","https://www.worldfloraonline.org/taxon/wfo-4000031103","","Asteraceae","1","1","wfo","","101",true,true
"102","Carex debilis Michx.","1","340815","Carex debilis","1","species","Michx.","Michx.","1","Michx.","Cyperaceae","Carex","Carex","1","debilis","debilis","1","","","","","","","","","","","","https://www.worldfloraonline.org/taxon/wfo-0000345914","","Y","Accepted","Carex debilis","Carex debilis","Michx.","340815","species","https://www.worldfloraonline.org/taxon/wfo-0000345914","","Cyperaceae","1","1","wfo","","102",true,true
"102","Carex debilis Michx.","0.8227","340817","Carex debilis","1","species","Michx.","G.Forst.","0.1135","G.Forst.","Cyperaceae","Carex","Carex","1","debilis","debilis","1","","","","","","","","","","","","https://www.worldfloraonline.org/taxon/wfo-0000345916","","Y","Synonym","Carex forsteri","Carex forsteri","Wahlenb.","341699","species","https://www.worldfloraonline.org/taxon/wfo-0000346800","","Cyperaceae","2","2","wfo","","102",false,false
"102","Carex debilis Michx.","0.8111","340816","Carex debilis","1","species","Michx.","Boiss. & Balansa","0.0555","Boiss. & Balansa","Cyperaceae","Carex","Carex","1","debilis","debilis","1","","","","","","","","","","","","https://www.worldfloraonline.org/taxon/wfo-0000345915","","Y","Synonym","Carex depressa subsp. transsilvanica","Carex depressa","(Schur) K.Richt.","340879","subspecies","https://www.worldfloraonline.org/taxon/wfo-0000345978","","Cyperaceae","3","3","wfo","","102",false,false
"103","Viola labradorica Schrank","1","1129538","Viola labradorica","1","species","Schrank","Schrank","1","Schrank","Violaceae","Viola","Viola","1","labradorica","labradorica","1","","","","","","","","","","","","https://www.worldfloraonline.org/taxon/wfo-0001144644","","Y","Accepted","Viola labradorica","Viola labradorica","Schrank","1129538","species","https://www.worldfloraonline.org/taxon/wfo-0001144644","","Violaceae","1","1","wfo","","103",true,true
"104","Poa alsodes A. Gray","1","883167","Poa alsodes","1","species","A. Gray","A.Gray","1","A.Gray","Poaceae","Poa","Poa","1","alsodes","alsodes","1","","","","","","","","","","","","https://www.worldfloraonline.org/taxon/wfo-0000891463","","Y","Accepted","Poa alsodes","Poa alsodes","A.Gray","883167","species","https://www.worldfloraonline.org/taxon/wfo-0000891463","","Poaceae","1","1","wfo","","104",true,true
"105","Quercus velutina Lam.","1","288831","Quercus velutina","1","species","Lam.","Lam.","1","Lam.","Fagaceae","Quercus","Quercus","1","velutina","velutina","1","","","","","","","","","","","","https://www.worldfloraonline.org/taxon/wfo-0000293830","","Y","Accepted","Quercus velutina","Quercus velutina","Lam.","288831","species","https://www.worldfloraonline.org/taxon/wfo-0000293830","","Fagaceae","1","1","wfo","","105",true,true
"105","Quercus velutina Lam.","0.86348","288830","Quercus velutina","1","species","Lam.","Lindl.","0.3174","Lindl.","Fagaceae","Quercus","Quercus","1","velutina","velutina","1","","","","","","","","","","","","https://www.worldfloraonline.org/taxon/wfo-0000293829","","Y","Synonym","Quercus gomeziana","Quercus gomeziana","A.Camus","285992","species","https://www.worldfloraonline.org/taxon/wfo-0000290985","","Fagaceae","2","2","wfo","","105",false,false
"105","Quercus velutina Lam.","0.83536","288829","Quercus velutina","1","species","Lam.","L'Hér. ex A.DC.","0.1768","L'Hér. ex A.DC.","Fagaceae","Quercus","Quercus","1","velutina","velutina","1","","","","","","","","","","","","https://www.worldfloraonline.org/taxon/wfo-0000293828","","Y","Synonym","Quercus bicolor","Quercus bicolor","Willd.","284768","species","https://www.worldfloraonline.org/taxon/wfo-0000289757","","Fagaceae","3","3","wfo","","105",false,false
"106","Rhododendron periclymenoides (Michx.) Shinners","1","1034253","Rhododendron periclymenoides","1","species","(Michx.) Shinners","(Michx.) Shinners","1","(Michx.) Shinners","Ericaceae","Rhododendron","Rhododendron","1","periclymenoides","periclymenoides","1","","","","","","","","","","","","https://www.worldfloraonline.org/taxon/wfo-0001047079","","Y","Accepted","Rhododendron periclymenoides","Rhododendron periclymenoides","(Michx.) Shinners","1034253","species","https://www.worldfloraonline.org/taxon/wfo-0001047079","","Ericaceae","1","1","wfo","","106",true,true
"107","Epigaea repens L.","1","661220","Epigaea repens","1","species","L.","L.","1","L.","Ericaceae","Epigaea","Epigaea","1","repens","repens","1","","","","","","","","","","","","https://www.worldfloraonline.org/taxon/wfo-0000668626","","Y","Accepted","Epigaea repens","Epigaea repens","L.","661220","species","https://www.worldfloraonline.org/taxon/wfo-0000668626","","Ericaceae","1","1","wfo","","107",true,true
"108","Castanea dentata (Marshall) Borkh.","0.90924","803293","Castanea dentata","1","species","(Marshall) Borkh.","Borkh.","0.5462","Borkh.","Fagaceae","Castanea","Castanea","1","dentata","dentata","1","","","","","","","","","","","","https://www.worldfloraonline.org/taxon/wfo-0000811441","","Y","Accepted","Castanea dentata","Castanea dentata","Borkh.","803293","species","https://www.worldfloraonline.org/taxon/wfo-0000811441","","Fagaceae","1","1","wfo","","108",true,true
"109","Cypripedium acaule Aiton","1","926651","Cypripedium acaule","1","species","Aiton","Aiton","1","Aiton","Orchidaceae","Cypripedium","Cypripedium","1","acaule","acaule","1","","","","","","","","","","","","https://www.worldfloraonline.org/taxon/wfo-0000935125","","Y","Accepted","Cypripedium acaule","Cypripedium acaule","Aiton","926651","species","https://www.worldfloraonline.org/taxon/wfo-0000935125","","Orchidaceae","1","1","wfo","","109",true,true
"110","Acer sp.","0.9","1392464","Acer","1","genus","","","","L.","Sapindaceae","Acer","Acer","1","","","","","","","","","","","","","","sp.","https://www.worldfloraonline.org/taxon/wfo-4000000188","","Y","Accepted","Acer","","L.","1392464","genus","https://www.worldfloraonline.org/taxon/wfo-4000000188","","Sapindaceae","1","1","wfo","","110",true,true
"111","Polygonatum pubescens (Willd.) Pursh","1","708368","Polygonatum pubescens","1","species","(Willd.) Pursh","(Willd.) Pursh","1","(Willd.) Pursh","Asparagaceae","Polygonatum","Polygonatum","1","pubescens","pubescens","1","","","","","","","","","","","","https://www.worldfloraonline.org/taxon/wfo-0000715997","","Y","Accepted","Polygonatum pubescens","Polygonatum pubescens","(Willd.) Pursh","708368","species","https://www.worldfloraonline.org/taxon/wfo-0000715997","","Asparagaceae","1","1","wfo","","111",true,true
"112","Maianthemum trifolium (L.) Sloboda","1","683030","Maianthemum trifolium","1","species","(L.) Sloboda","(L.) Sloboda","1","(L.) Sloboda","Asparagaceae","Maianthemum","Maianthemum","1","trifolium","trifolium","1","","","","","","","","","","","","https://www.worldfloraonline.org/taxon/wfo-0000690533","","Y","Accepted","Maianthemum trifolium","Maianthemum trifolium","(L.) Sloboda","683030","species","https://www.worldfloraonline.org/taxon/wfo-0000690533","","Asparagaceae","1","1","wfo","","112",true,true
"113","Brachyelytrum erectum (Schreb. ex Spreng.) P. Beauv.","0.95488","846053","Brachyelytrum erectum","1","species","(Schreb. ex Spreng.) P. Beauv.","(Schreb.) P.Beauv.","0.7744","(Schreb.) P.Beauv.","Poaceae","Brachyelytrum","Brachyelytrum","1","erectum","erectum","1","","","","","","","","","","","","https://www.worldfloraonline.org/taxon/wfo-0000854321","","Y","Accepted","Brachyelytrum erectum","Brachyelytrum erectum","(Schreb.) P.Beauv.","846053","species","https://www.worldfloraonline.org/taxon/wfo-0000854321","","Poaceae","1","1","wfo","","113",true,true
"114","Streptopus lanceolatus (Aiton) Reveal","1","731968","Streptopus lanceolatus","1","species","(Aiton) Reveal","(Aiton) Reveal","1","(Aiton) Reveal","Liliaceae","Streptopus","Streptopus","1","lanceolatus","lanceolatus","1","","","","","","","","","","","","https://www.worldfloraonline.org/taxon/wfo-0000739862","","Y","Accepted","Streptopus lanceolatus","Streptopus lanceolatus","(Aiton) Reveal","731968","species","https://www.worldfloraonline.org/taxon/wfo-0000739862","","Liliaceae","1","1","wfo","","114",true,true
"115","Solidago rugosa Mill.","1","28296","Solidago rugosa","1","species","Mill.","Mill.","1","Mill.","Asteraceae","Solidago","Solidago","1","rugosa","rugosa","1","","","","","","","","","","","","https://www.worldfloraonline.org/taxon/wfo-0000027996","","Y","Accepted","Solidago rugosa","Solidago rugosa","Mill.","28296","species","https://www.worldfloraonline.org/taxon/wfo-0000027996","","Asteraceae","1","1","wfo","","115",true,true
"116","Viola spp.","0.9","1419672","Viola","1","genus","","","","L.","Violaceae","Viola","Viola","1","","","","","","","","","","","","","","spp.","https://www.worldfloraonline.org/taxon/wfo-4000040312","","Y","Accepted","Viola","","L.","1419672","genus","https://www.worldfloraonline.org/taxon/wfo-4000040312","","Violaceae","1","1","wfo","","116",true,true
"117","Vaccinium sp.","0.9","1419418","Vaccinium","1","genus","","","","L.","Ericaceae","Vaccinium","Vaccinium","1","","","","","","","","","","","","","","sp.","https://www.worldfloraonline.org/taxon/wfo-4000039926","","Y","Accepted","Vaccinium","","L.","1419418","genus","https://www.worldfloraonline.org/taxon/wfo-4000039926","","Ericaceae","1","1","wfo","","117",true,true
"118","Deparia acrostichoides (Sw.) M. Kato","1","1099788","Deparia acrostichoides","1","species","(Sw.) M. Kato","(Sw.) M.Kato","1","(Sw.) M.Kato","Athyriaceae","Deparia","Deparia","1","acrostichoides","acrostichoides","1","","","","","","","","","","","","https://www.worldfloraonline.org/taxon/wfo-0001114364","","Y","Accepted","Deparia acrostichoides","Deparia acrostichoides","(Sw.) M.Kato","1099788","species","https://www.worldfloraonline.org/taxon/wfo-0001114364","","Athyriaceae","1","1","wfo","","118",true,true
"119","Poaceae sp.","0.9","1426621","Poaceae","1","family","","","","Barnhart","Poaceae","","","","","","","Poaceae","Poaceae","1","","","","","","","","sp.","https://www.worldfloraonline.org/taxon/wfo-7000000483","","Y","Accepted","Poaceae","","Barnhart","1426621","family","https://www.worldfloraonline.org/taxon/wfo-7000000483","","Poaceae","1","1","wfo","","119",true,true
"119","Poaceae sp.","0.67149326622765","1426590","Peraceae","0.77149326622765","family","","","","Klotzsch","Peraceae","","","","","","","Poaceae","Peraceae","0.75","","","","","","","","sp.","https://www.worldfloraonline.org/taxon/wfo-7000000452","","","Accepted","Peraceae","","Klotzsch","1426590","family","https://www.worldfloraonline.org/taxon/wfo-7000000452","","Peraceae","2","2","wfo","","119",false,false
"119","Poaceae sp.","0.67149326622765","1426608","Pinaceae","0.77149326622765","family","","","","Spreng. ex. Rudolphi","Pinaceae","","","","","","","Poaceae","Pinaceae","0.75","","","","","","","","sp.","https://www.worldfloraonline.org/taxon/wfo-7000000470","","","Accepted","Pinaceae","","Spreng. ex. Rudolphi","1426608","family","https://www.worldfloraonline.org/taxon/wfo-7000000470","","Pinaceae","3","3","wfo","","119",false,false
"119","Poaceae sp.","0.67149326622765","1473728","Pyraceae","0.77149326622765","family","","","","Vest","","","","","","","","Poaceae","Pyraceae","0.75","","","","","","","","sp.","https://www.worldfloraonline.org/taxon/wfo-4100001139","","","No opinion","","","","","","","","","4","4","wfo","","119",false,false
"120","Botrychium lanceolatum (S.G. Gmel.) Angstr. var. angustisegmentum Pease & A.H. Moore","1","1096696","Botrychium lanceolatum var. angustisegmentum","1","variety","Pease & A.H. Moore","Pease & A.H.Moore","1","Pease & A.H.Moore","Ophioglossaceae","Botrychium","Botrychium","1","lanceolatum","lanceolatum","1","","","","var.","angustisegmentum","1","","","","","","https://www.worldfloraonline.org/taxon/wfo-0001111251","","Y","Synonym","Botrychium lanceolatum subsp. angustisegmentum","Botrychium lanceolatum","(Pease & A.H.Moore) R.T.Clausen","1094515","subspecies","https://www.worldfloraonline.org/taxon/wfo-0001109053","","Ophioglossaceae","1","1","wfo","","120",true,true
"121","Hepatica nobilis Schreb.","1","712287","Hepatica nobilis","1","species","Schreb.","Schreb.","1","Schreb.","Ranunculaceae","Hepatica","Hepatica","1","nobilis","nobilis","1","","","","","","","","","","","","https://www.worldfloraonline.org/taxon/wfo-0000719933","","Y","Accepted","Hepatica nobilis","Hepatica nobilis","Schreb.","712287","species","https://www.worldfloraonline.org/taxon/wfo-0000719933","","Ranunculaceae","1","1","wfo","","121",true,true
"122","Toxicodendron vernix (L.) Kuntze","0.89744","1037076","Toxicodendron vernix","1","species","(L.) Kuntze","Kuntze","0.4872","Kuntze","Anacardiaceae","Toxicodendron","Toxicodendron","1","vernix","vernix","1","","","","","","","","","","","","https://www.worldfloraonline.org/taxon/wfo-0001049963","","Y","Accepted","Toxicodendron vernix","Toxicodendron vernix","Kuntze","1037076","species","https://www.worldfloraonline.org/taxon/wfo-0001049963","","Anacardiaceae","1","1","wfo","","122",true,true
"123","Spiraea tomentosa L.","1","1008964","Spiraea tomentosa","1","species","L.","L.","1","L.","Rosaceae","Spiraea","Spiraea","1","tomentosa","tomentosa","1","","","","","","","","","","","","https://www.worldfloraonline.org/taxon/wfo-0001018913","","Y","Accepted","Spiraea tomentosa","Spiraea tomentosa","L.","1008964","species","https://www.worldfloraonline.org/taxon/wfo-0001018913","","Rosaceae","1","1","wfo","","123",true,true
"124","Thelypteris simulata (Davenport) Nieuwl.","0.91174","1094902","Thelypteris simulata","1","species","(Davenport) Nieuwl.","Nieuwl.","0.5587","Nieuwl.","Thelypteridaceae","Thelypteris","Thelypteris","1","simulata","simulata","1","","","","","","","","","","","","https://www.worldfloraonline.org/taxon/wfo-0001109445","","Y","Accepted","Thelypteris simulata","Thelypteris simulata","Nieuwl.","1094902","species","https://www.worldfloraonline.org/taxon/wfo-0001109445","","Thelypteridaceae","1","1","wfo","","124",true,true
"125","Phragmites australis (Cav.) Trin. ex Steud. ssp. australis","1","1082814","Phragmites australis subsp. australis","1","subspecies","","","","","Poaceae","Phragmites","Phragmites","1","australis","australis","1","","","","subsp.","australis","1","","","","","","https://www.worldfloraonline.org/taxon/wfo-0001097032","","Y","Accepted","Phragmites australis subsp. australis","Phragmites australis","","1082814","subspecies","https://www.worldfloraonline.org/taxon/wfo-0001097032","","Poaceae","1","1","wfo","","125",true,true
"126","Symphyotrichum lanceolatum (Willd.) G.L. Nesom","1","13052","Symphyotrichum lanceolatum","1","species","(Willd.) G.L. Nesom","(Willd.) G.L.Nesom","1","(Willd.) G.L.Nesom","Asteraceae","Symphyotrichum","Symphyotrichum","1","lanceolatum","lanceolatum","1","","","","","","","","","","","","https://www.worldfloraonline.org/taxon/wfo-0000012570","","Y","Accepted","Symphyotrichum lanceolatum","Symphyotrichum lanceolatum","(Willd.) G.L.Nesom","13052","species","https://www.worldfloraonline.org/taxon/wfo-0000012570","","Asteraceae","1","1","wfo","","126",true,true
"127","Carex atlantica L.H. Bailey","1","339566","Carex atlantica","1","species","L.H. Bailey","L.H.Bailey","1","L.H.Bailey","Cyperaceae","Carex","Carex","1","atlantica","atlantica","1","","","","","","","","","","","","https://www.worldfloraonline.org/taxon/wfo-0000344662","","Y","Accepted","Carex atlantica","Carex atlantica","L.H.Bailey","339566","species","https://www.worldfloraonline.org/taxon/wfo-0000344662","","Cyperaceae","1","1","wfo","","127",true,true
"128","Spiraea alba Du Roi var. latifolia (Aiton) Dippel","0.89804","1363357","Spiraea alba var. latifolia","1","variety","(Aiton) Dippel","(Aiton) F.Seym.","0.4902","(Aiton) F.Seym.","Rosaceae","Spiraea","Spiraea","1","alba","alba","1","","","","var.","latifolia","1","","","","","","https://www.worldfloraonline.org/taxon/wfo-0001397257","","Y","No opinion","","","","","","","","","1","1","wfo","","128",true,true
"128","Spiraea alba Du Roi var. latifolia (Aiton) Dippel","0.89512","1366218","Spiraea alba var. latifolia","1","variety","(Aiton) Dippel","(Aiton) B.Boivin","0.4756","(Aiton) B.Boivin","Rosaceae","Spiraea","Spiraea","1","alba","alba","1","","","","var.","latifolia","1","","","","","","https://www.worldfloraonline.org/taxon/wfo-0001400259","","Y","No opinion","","","","","","","","","2","2","wfo","","128",false,false
"128","Spiraea alba Du Roi var. latifolia (Aiton) Dippel","0.88978","1363358","Spiraea alba var. latifolia","1","variety","(Aiton) Dippel","(Aiton) H.E.Ahles","0.4489","(Aiton) H.E.Ahles","Rosaceae","Spiraea","Spiraea","1","alba","alba","1","","","","var.","latifolia","1","","","","","","https://www.worldfloraonline.org/taxon/wfo-0001397258","","Y","No opinion","","","","","","","","","3","3","wfo","","128",false,false
"129","Frangula alnus Mill.","1","684339","Frangula alnus","1","species","Mill.","Mill.","1","Mill.","Rhamnaceae","Frangula","Frangula","1","alnus","alnus","1","","","","","","","","","","","","https://www.worldfloraonline.org/taxon/wfo-0000691852","","Y","Accepted","Frangula alnus","Frangula alnus","Mill.","684339","species","https://www.worldfloraonline.org/taxon/wfo-0000691852","","Rhamnaceae","1","1","wfo","","129",true,true
"130","Oxalis stricta L.","1","381526","Oxalis stricta","1","species","L.","L.","1","L.","Oxalidaceae","Oxalis","Oxalis","1","stricta","stricta","1","","","","","","","","","","","","https://www.worldfloraonline.org/taxon/wfo-0000387064","","Y","Accepted","Oxalis stricta","Oxalis stricta","L.","381526","species","https://www.worldfloraonline.org/taxon/wfo-0000387064","","Oxalidaceae","1","1","wfo","","130",true,true
"131","Galium asprellum Michx.","1","959753","Galium asprellum","1","species","Michx.","Michx.","1","Michx.","Rubiaceae","Galium","Galium","1","asprellum","asprellum","1","","","","","","","","","","","","https://www.worldfloraonline.org/taxon/wfo-0000968377","","Y","Accepted","Galium asprellum","Galium asprellum","Michx.","959753","species","https://www.worldfloraonline.org/taxon/wfo-0000968377","","Rubiaceae","1","1","wfo","","131",true,true
"132","Rubus pubescens Raf.","1","997680","Rubus pubescens","1","species","Raf.","Raf.","1","Raf.","Rosaceae","Rubus","Rubus","1","pubescens","pubescens","1","","","","","","","","","","","","https://www.worldfloraonline.org/taxon/wfo-0001007071","","Y","Accepted","Rubus pubescens","Rubus pubescens","Raf.","997680","species","https://www.worldfloraonline.org/taxon/wfo-0001007071","","Rosaceae","1","1","wfo","","132",true,true
"132","Rubus pubescens Raf.","0.83272","992003","Rubus pubescens","1","species","Raf.","Vest ex Tratt.","0.1636","Vest ex Tratt.","Rosaceae","Rubus","Rubus","1","pubescens","pubescens","1","","","","","","","","","","","","https://www.worldfloraonline.org/taxon/wfo-0001001173","","Y","No opinion","","","","","","","","","2","2","wfo","","132",false,false
"132","Rubus pubescens Raf.","0.83176","999462","Rubus pubescens","1","species","Raf.","Genev.","0.1588","Genev.","Rosaceae","Rubus","Rubus","1","pubescens","pubescens","1","","","","","","","","","","","","https://www.worldfloraonline.org/taxon/wfo-0001008909","","Y","No opinion","","","","","","","","","3","3","wfo","","132",false,false
"132","Rubus pubescens Raf.","0.8185","1006714","Rubus pubescens","1","species","Raf.","Weihe ex Boenn.","0.0925","Weihe ex Boenn.","Rosaceae","Rubus","Rubus","1","pubescens","pubescens","1","","","","","","","","","","","","https://www.worldfloraonline.org/taxon/wfo-0001016586","","Y","Synonym","Rubus chloocladus","Rubus chloocladus","W.C.R.Watson","1008609","species","https://www.worldfloraonline.org/taxon/wfo-0001018553","","Rosaceae","4","4","wfo","","132",false,false
"132","Rubus pubescens Raf.","0.8","998516","Rubus pubescens","1","species","Raf.","Weihe","0","Weihe","Rosaceae","Rubus","Rubus","1","pubescens","pubescens","1","","","","","","","","","","","","https://www.worldfloraonline.org/taxon/wfo-0001007936","","Y","Synonym","Rubus chloocladus","Rubus chloocladus","W.C.R.Watson","1008609","species","https://www.worldfloraonline.org/taxon/wfo-0001018553","","Rosaceae","5","5","wfo","","132",false,false
"132","Rubus pubescens Raf.","0.8","995090","Rubus pubescens","1","species","Raf.","Bayer","0","Bayer","Rosaceae","Rubus","Rubus","1","pubescens","pubescens","1","","","","","","","","","","","","https://www.worldfloraonline.org/taxon/wfo-0001004345","","Y","No opinion","","","","","","","","","6","6","wfo","[Ambiguous]","132",false,false
"132","Rubus pubescens Raf.","0.8","1003636","Rubus pubescens","1","species","Raf.","Hayek","0","Hayek","Rosaceae","Rubus","Rubus","1","pubescens","pubescens","1","","","","","","","","","","","","https://www.worldfloraonline.org/taxon/wfo-0001013364","","Y","No opinion","","","","","","","","","7","7","wfo","[Ambiguous]","132",false,false
"133","Geranium maculatum L.","1","693227","Geranium maculatum","1","species","L.","L.","1","L.","Geraniaceae","Geranium","Geranium","1","maculatum","maculatum","1","","","","","","","","","","","","https://www.worldfloraonline.org/taxon/wfo-0000700788","","Y","Accepted","Geranium maculatum","Geranium maculatum","L.","693227","species","https://www.worldfloraonline.org/taxon/wfo-0000700788","","Geraniaceae","1","1","wfo","","133",true,true
"133","Geranium maculatum L.","0.8227","693228","Geranium maculatum","1","species","L.","Andrews","0.1135","Andrews","Geraniaceae","Geranium","Geranium","1","maculatum","maculatum","1","","","","","","","","","","","","https://www.worldfloraonline.org/taxon/wfo-0000700789","","Y","No opinion","","","","","","","","","2","2","wfo","","133",false,false
"133","Geranium maculatum L.","0.8","693230","Geranium maculatum","1","species","L.","Dum.Cours.","0","Dum.Cours.","Geraniaceae","Geranium","Geranium","1","maculatum","maculatum","1","","","","","","","","","","","","https://www.worldfloraonline.org/taxon/wfo-0000700791","","Y","No opinion","","","","","","","","","3","3","wfo","","133",false,false
"134","Hydrocotyle americana L.","1","718655","Hydrocotyle americana","1","species","L.","L.","1","L.","Araliaceae","Hydrocotyle","Hydrocotyle","1","americana","americana","1","","","","","","","","","","","","https://www.worldfloraonline.org/taxon/wfo-0000726327","","Y","Accepted","Hydrocotyle americana","Hydrocotyle americana","L.","718655","species","https://www.worldfloraonline.org/taxon/wfo-0000726327","","Araliaceae","1","1","wfo","","134",true,true
"135","Toxicodendron radicans (L.) Kuntze","1","1036491","Toxicodendron radicans","1","species","(L.) Kuntze","(L.) Kuntze","1","(L.) Kuntze","Anacardiaceae","Toxicodendron","Toxicodendron","1","radicans","radicans","1","","","","","","","","","","","","https://www.worldfloraonline.org/taxon/wfo-0001049365","","Y","Accepted","Toxicodendron radicans","Toxicodendron radicans","(L.) Kuntze","1036491","species","https://www.worldfloraonline.org/taxon/wfo-0001049365","","Anacardiaceae","1","1","wfo","","135",true,true
"136","Tiarella cordifolia L.","1","453245","Tiarella cordifolia","1","species","L.","L.","1","L.","Saxifragaceae","Tiarella","Tiarella","1","cordifolia","cordifolia","1","","","","","","","","","","","","https://www.worldfloraonline.org/taxon/wfo-0000459230","","Y","Accepted","Tiarella cordifolia","Tiarella cordifolia","L.","453245","species","https://www.worldfloraonline.org/taxon/wfo-0000459230","","Saxifragaceae","1","1","wfo","","136",true,true
"137","Melampyrum lineare Desr.","1","1121555","Melampyrum lineare","1","species","Desr.","Desr.","1","Desr.","Orobanchaceae","Melampyrum","Melampyrum","1","lineare","lineare","1","","","","","","","","","","","","https://www.worldfloraonline.org/taxon/wfo-0001136536","","Y","Accepted","Melampyrum lineare","Melampyrum lineare","Desr.","1121555","species","https://www.worldfloraonline.org/taxon/wfo-0001136536","","Orobanchaceae","1","1","wfo","","137",true,true
"137","Melampyrum lineare Desr.","0.8345","1515707","Melampyrum lineare","1","species","Desr.","Lam.","0.1725","Lam.","Orobanchaceae","Melampyrum","Melampyrum","1","lineare","lineare","1","","","","","","","","","","","","https://www.worldfloraonline.org/taxon/wfo-1200039117","","Y","Accepted","Melampyrum lineare","Melampyrum lineare","Lam.","1515707","species","https://www.worldfloraonline.org/taxon/wfo-1200039117","","Orobanchaceae","2","2","wfo","","137",false,false
"138","Clematis virginiana L.","1","603915","Clematis virginiana","1","species","L.","L.","1","L.","Ranunculaceae","Clematis","Clematis","1","virginiana","virginiana","1","","","","","","","","","","","","https://www.worldfloraonline.org/taxon/wfo-0000610908","","Y","Accepted","Clematis virginiana","Clematis virginiana","L.","603915","species","https://www.worldfloraonline.org/taxon/wfo-0000610908","","Ranunculaceae","1","1","wfo","","138",true,true
"138","Clematis virginiana L.","0.82562","603916","Clematis virginiana","1","species","L.","Lour.","0.1281","Lour.","Ranunculaceae","Clematis","Clematis","1","virginiana","virginiana","1","","","","","","","","","","","","https://www.worldfloraonline.org/taxon/wfo-0000610909","","Y","Synonym","Clematis apiifolia","Clematis apiifolia","DC.","602509","species","https://www.worldfloraonline.org/taxon/wfo-0000609494","","Ranunculaceae","2","2","wfo","","138",false,false
"139","Lysimachia ciliata L.","1","436929","Lysimachia ciliata","1","species","L.","L.","1","L.","Primulaceae","Lysimachia","Lysimachia","1","ciliata","ciliata","1","","","","","","","","","","","","https://www.worldfloraonline.org/taxon/wfo-0000442838","","Y","Accepted","Lysimachia ciliata","Lysimachia ciliata","L.","436929","species","https://www.worldfloraonline.org/taxon/wfo-0000442838","","Primulaceae","1","1","wfo","","139",true,true
"140","Carex intumescens Rudge","1","342658","Carex intumescens","1","species","Rudge","Rudge","1","Rudge","Cyperaceae","Carex","Carex","1","intumescens","intumescens","1","","","","","","","","","","","","https://www.worldfloraonline.org/taxon/wfo-0000347763","","Y","Accepted","Carex intumescens","Carex intumescens","Rudge","342658","species","https://www.worldfloraonline.org/taxon/wfo-0000347763","","Cyperaceae","1","1","wfo","","140",true,true
"141","Elymus virginicus L.","1","858576","Elymus virginicus","1","species","L.","L.","1","L.","Poaceae","Elymus","Elymus","1","virginicus","virginicus","1","","","","","","","","","","","","https://www.worldfloraonline.org/taxon/wfo-0000866852","","Y","Accepted","Elymus virginicus","Elymus virginicus","L.","858576","species","https://www.worldfloraonline.org/taxon/wfo-0000866852","","Poaceae","1","1","wfo","","141",true,true
"142","Carex lacustris Willd.","1","342925","Carex lacustris","1","species","Willd.","Willd.","1","Willd.","Cyperaceae","Carex","Carex","1","lacustris","lacustris","1","","","","","","","","","","","","https://www.worldfloraonline.org/taxon/wfo-0000348030","","Y","Accepted","Carex lacustris","Carex lacustris","Willd.","342925","species","https://www.worldfloraonline.org/taxon/wfo-0000348030","","Cyperaceae","1","1","wfo","","142",true,true